Car Brand,Car Price,Miles,Trim,Engine,VIN,Transmission,Drivetrain,Exterior Color,Interior Color,Mileage,Stock #,Condition,Body Style,Fuel Type,Gas Mileage,Cabin,Bed,Rear Wheel
2020 Chevrolet Silverado 1500 LT,"$45,629
est. $658/mo","1 Miles
Fridley, MN",LT,5.3L V8,1GCUYDED7LZ334474,Automatic,4WD,Black,Jet Black w/Cloth Seat Trim,1,53276,New,Pickup_truck,,,,,
2017 Hyundai Sonata SE,"$13,100
est. $189/mo","37,431 Miles
Burnsville, MN",SE,4 Cylinder,5NPE24AF9HH527429,Automatic,FWD,Symphony Silver,Gray,,41619,Used,,Gasoline,25 city / 36 hwy,,,
2017 Ford Focus SE,"$13,599
est. $196/mo","26,205 Miles
Saint Paul, MN",SE,1.0L,1FADP3FE6HL266916,Automatic,FWD,Gray,Black,"26,205",,Used,Sedan,Gasoline,,,,
2019 Chevrolet Suburban LT 1500,"$45,300
est. $653/mo","19,875 Miles
Burnsville, MN",LT 1500,8 Cylinder,1GNSKHKC6KR331597,Automatic,4WD,Silver Ice Metallic,Jet Black,,41606,Used,,Gasoline,14 city / 21 hwy,,,
2019 Volkswagen Jetta 1.4T S ULEV,"$13,397
est. $193/mo","40,549 Miles
Saint Paul, MN",1.4T S ULEV,4 Cylinder Engine,3VWCB7BU4KM145717,Automatic,FWD,,,"40,549",,Used,Sedan,Gasoline,30 city / 40 hwy,,,
2020 Mitsubishi Outlander ES,"$23,235
est. $335/mo","10 Miles
Saint Paul, MN",ES,,JA4AZ3A33LZ012061,Automatic,AWD,Labrador Black Metallic,BLACK,10,93937,New,Suv,,,,,
2020 Mercedes-Benz E-Class E 350,"$65,615
est. $946/mo","Mileage Unknown
Minnetonka, MN",E 350,,W1KZF8EB7LA833118,Automatic,AWD,Obsidian Black Metallic,Black,,74451,New,Sedan,,,,,
2018 Toyota Yaris iA Base,"$11,489
est. $166/mo","43,766 Miles
Burnsville, MN",Base,4 Cylinder,3MYDLBYV2JY318151,Automatic,FWD,Gray,Black,,41457,Used,,Gasoline,32 city / 40 hwy,,,
2017 Mitsubishi Outlander Sport ES,"$14,998
est. $216/mo","26,666 Miles
Minneapolis, MN",ES,2.0L,JA4AP3AU3HZ052033,Automatic,FWD,Black,Black,,19328956,Used,,Gasoline,24 city / 30 hwy,,,
2020 Mitsubishi Outlander Sport ES 2.0,"$18,999
est. $274/mo","3 Miles
Saint Paul, MN",ES 2.0,,JA4AP3AU0LU030836,Automatic,FWD,Pearl White,BLACK,3,96001,New,Suv,,,,,
2019 GMC Terrain SLT,"$22,998
est. $331/mo","37,361 Miles
Brooklyn Park, MN",SLT,1.5L,3GKALVEV1KL213921,Automatic,4WD,White,Black,,19359381,Used,,Gasoline,24 city / 28 hwy,,,
2020 GMC Terrain SLT,"$25,190
est. $363/mo","12,102 Miles
Burnsville, MN",SLT,4 Cylinder,3GKALVEV3LL234352,Automatic,4WD,Ebony Twilight Metallic,Jet Black,,41508,Used,,Gasoline,25 city / 28 hwy,,,
2014 Mitsubishi Mirage,"$9,496
est. $137/mo","75,213 Miles
Saint Paul, MN",,,ML32A4HJ0EH026037,Automatic,FWD,Infrared,BLACK,"75,213",W95627A,Used,Hatchback,,,,,
2013 Acura TL Base,"$14,599
est. $210/mo","86,481 Miles
Maplewood, MN",Base,3.5L,19UUA8F2XDA001373,Automatic,FWD,Black,Tan,,18781466,Used,,Gasoline,20 city / 29 hwy,,,
2019 Ford Explorer XLT,"$30,990
est. $447/mo","29,098 Miles
Forest Lake, MN",XLT,2.3L I4 EcoBoost,1FM5K8DH7KGA53721,Automatic,AWD,Oxford White,Ebony Black,"29,098",CP15876,Used,Suv,,,,,
2018 Toyota Corolla LE,"$12,700
est. $183/mo","42,512 Miles
Burnsville, MN",LE,4 Cylinder,5YFBURHEXJP830946,Automatic,FWD,Gray,Black,,40572,Used,,Gasoline,28 city / 35 hwy,,,
2019 Toyota Corolla LE,"$14,397
est. $208/mo","27,349 Miles
Saint Paul, MN",LE,4 Cylinder Engine,5YFBURHE6KP928213,Automatic,FWD,,Ash,"27,349",,Used,Sedan,Gasoline,28 city / 35 hwy,,,
2019 Kia Optima LX,"$13,994
est. $202/mo","40,655 Miles
Burnsville, MN",LX,4 Cylinder,5XXGT4L30KG284301,Automatic,FWD,Platinum Graphite,Black,,41419,Used,,Gasoline,24 city / 33 hwy,,,
2020 Ford Explorer XLT,"$38,742
est. $558/mo","22 Miles
Roseville, MN",XLT,I-4 2.3L EcoBoost,1FMSK8DH3LGC98987,Automatic,AWD,Agate Black,Ebony,22,202229,New,Suv,,,,,
2020 Ford Fusion SE,Accepting Offers,"2 Miles
Inver Grove Heights, MN",SE,,3FA6P0HD2LR112368,Automatic,FWD,Alto Blue Metallic Tinted Clearcoat,,2,2012368,New,Sedan,,,,,
2020 Mitsubishi Outlander Sport ES 2.0,"$22,100
est. $319/mo","10 Miles
Saint Paul, MN",ES 2.0,,JA4AR3AU9LU030697,Automatic,AWD,Pearl White,BLACK,10,95457,New,Suv,,,,,
2019 Buick Encore Essence,"$18,989
est. $274/mo","28,073 Miles
Burnsville, MN",Essence,4 Cylinder,KL4CJGSM6KB792241,Automatic,AWD,Summit White,Ebony,,41586,Used,,Gasoline,24 city / 29 hwy,,,
2018 Audi A5 Premium Plus,"$33,800
est. $487/mo","29,488 Miles
Minnetonka, MN",Premium Plus,,WAUTNAF51JA032584,Automatic,AWD,Manhattan Gray Metallic,Black,"29,488",5141,Used,Coupe,,,,,
2018 Ford Edge SEL,"$26,998
est. $389/mo","8,054 Miles
Saint Paul, MN",SEL,2.0L,2FMPK4J94JBC31265,Automatic,AWD,Blue,Black,,19256573,Used,,Gasoline,20 city / 27 hwy,,,
2020 Mercedes-Benz AMG GT AMG GT R,"$184,526
est. $2,660/mo","2,391 Miles
Minnetonka, MN",AMG GT R,,W1KYK7KA5LA029378,Automatic,RWD,Designo Brilliant Blue Magno,Silver Pearl/Black,"2,391",27073,Used,Convertible,,,,,
2020 Nissan Pathfinder SV,"$28,155
est. $406/mo","1,762 Miles
Burnsville, MN",SV,6 Cylinder,5N1DR2BM1LC602164,Automatic,4WD,Glacier White,Charcoal,,41420,Used,,Gasoline,20 city / 27 hwy,,,
2017 Ford Explorer Sport,"$31,998
est. $461/mo","43,741 Miles
Maplewood, MN",Sport,3.5L,1FM5K8GT9HGD11391,Automatic,AWD,Gray,Black,,19342501,Used,,Gasoline,16 city / 22 hwy,,,
2020 Kia Optima LX,"$15,296
est. $220/mo","19,066 Miles
Burnsville, MN",LX,4 Cylinder,5XXGT4L39LG391316,Automatic,FWD,Sparkling Silver,Black,,41177,Used,,Gasoline,24 city / 32 hwy,,,
2018 Chevrolet Malibu LT,"$12,900
est. $186/mo","46,035 Miles
Burnsville, MN",LT,4 Cylinder,1G1ZD5ST7JF248527,Automatic,FWD,Silver Ice Metallic,Jet Black,,41081,Used,,Gasoline,27 city / 36 hwy,,,
2013 Ford Edge SEL,"$15,998
est. $231/mo","71,252 Miles
Maplewood, MN",SEL,3.5L,2FMDK3JC1DBC83644,Automatic,FWD,Red,Tan,,18781594,Used,,Gasoline,19 city / 27 hwy,,,
2019 Hyundai Accent SE,"$13,998
est. $202/mo","33,008 Miles
Minneapolis, MN",SE,1.6L,3KPC24A31KE060788,Automatic,FWD,White,Black,,19389688,Used,,Gasoline,28 city / 38 hwy,,,
2016 Jeep Cherokee Latitude,"$20,998
est. $303/mo","32,396 Miles
Brooklyn Park, MN",Latitude,3.2L,1C4PJMCS2GW332822,Automatic,4WD,Tan,Black,"32,396",,Used,Suv,Gasoline,,,,
2020 Chevrolet Trax LS,"$18,494
est. $267/mo","1 Miles
Fridley, MN",LS,1.4L 4 cyls,KL7CJNSB5LB066023,Automatic,AWD,Mosaic Black Metallic,Jet Black w/Cloth Seat Trim,1,52626,New,Suv,,,,,
2018 Mitsubishi Outlander Sport ES 2.0,"$16,996
est. $245/mo","16,294 Miles
Saint Paul, MN",ES 2.0,,JA4AR3AU0JZ013593,Automatic,AWD,SILVER,BLACK,"16,294",W93977A,Used,Suv,,,,,
2017 Ram Pickup 3500 Tradesman,"$41,990
est. $605/mo","39,756 Miles
Forest Lake, MN",Tradesman,Cummins 6.7L I6 Turbodiesel,3C63R3CL1HG633762,Automatic,4WD,Bright White Clearcoat,Diesel Gray/Black,"39,756",R20687A,Used,Pickup_truck,,,,,
2017 Honda CR-V Touring,"$25,313
est. $365/mo","42,066 Miles
Coon Rapids, MN",Touring,,5J6RW2H99HL021468,Automatic,AWD,Crystal Black Pearl,Black,"42,066",P021468,Used,Suv,,,,,
2020 Buick Envision,"$33,846
est. $488/mo","5 Miles
Minneapolis, MN",,,LRBFX3SX2LD177677,Automatic,AWD,Ebony Twilight Metallic,Ebony,5,LJLB20122,New,Suv,,,,,
2020 Jeep Cherokee Trailhawk,"$31,299
est. $451/mo","Mileage Unknown
Shakopee, MN",Trailhawk,3.2L V6,1C4PJMBX0LD627775,Automatic,4WD,Light Brownstone Pearlcoat,Black,,D5185,New,Suv,,,,,
2017 Chevrolet Malibu LT w/1LT,"$16,280
est. $235/mo","32,610 Miles
Fridley, MN",LT w/1LT,1.5L 4 cyls,1G1ZE5ST4HF196507,Automatic,FWD,Nightfall Gray Metallic,Jet Black w/Premium Cloth Seat Trim,"32,610",13260M,Used,Sedan,,,,,
2020 Mitsubishi Outlander Sport SE 2.0,"$21,999
est. $317/mo","10 Miles
Saint Paul, MN",SE 2.0,,JA4AR3AU0LU014999,Automatic,,Labrador Black Metallic,BLACK,10,94187,New,Suv,,,,,
2020 Cadillac XT5 Premium Luxury,"$41,169
est. $593/mo","3,723 Miles
Burnsville, MN",Premium Luxury,6 Cylinder,1GYKNCRS8LZ177308,Automatic,FWD,Radiant Silver Metallic,Jet Black,,41524,Used,,Gasoline,18 city / 26 hwy,,,
2018 Chevrolet Equinox LT,"$17,998
est. $259/mo","34,230 Miles
Minneapolis, MN",LT,1.5L,2GNAXJEV0J6237405,Automatic,FWD,Gray,Gray,,18971101,Used,,Gasoline,26 city / 32 hwy,,,
2020 Dodge Journey SE,"$21,226
est. $306/mo","1 Miles
Forest Lake, MN",SE,2.4L I4 DOHC 16V Dual VVT,3C4PDCAB3LT181459,Automatic,FWD,Pitch Black Clearcoat,Black,1,D20057,New,Suv,,,,,
2015 Chevrolet Silverado 2500HD WT,"$38,695
est. $558/mo","52,771 Miles
Fridley, MN",WT,6.6L V8 Diesel,1GC1KUE87FF135132,Automatic,4WD,Summit White,Dark Ash/Jet Black w/Cloth Seat Trim,"52,771",52919A,Used,Pickup_truck,,,,,
2017 Kia Sorento LX,"$17,998
est. $259/mo","29,987 Miles
Saint Paul, MN",LX,2.4L,5XYPGDA31HG295500,Automatic,AWD,Gray,Black,,18982423,Used,,Gasoline,21 city / 25 hwy,,,
2017 Ram Pickup 1500 Laramie Longhorn,"$41,998
est. $605/mo","30,082 Miles
Minneapolis, MN",Laramie Longhorn,5.7L,,Automatic,4WD,,Brown,"30,082",,,Pickup,Gasoline,,Crew,Regular,Single
2015 Volkswagen Passat 1.8T Limited Edition,"$10,988
est. $158/mo","104,788 Miles
Saint Paul, MN",1.8T Limited Edition,,1VWAT7A39FC106612,Automatic,FWD,Black Uni,Titan Black,"104,788",W96181T,Used,Sedan,,,,,
2020 Chevrolet Trax LT,"$19,837
est. $286/mo","4 Miles
Fridley, MN",LT,1.4L 4 cyls,KL7CJLSB8LB324202,Automatic,FWD,Summit White,Jet Black,4,53011,New,Suv,,,,,
2020 Jeep Renegade Latitude,"$22,114
est. $319/mo","2 Miles
Forest Lake, MN",Latitude,2.4L I4,ZACNJBBB7LPK99009,Automatic,4WD,Alpine White Clearcoat,Black,2,J20263,New,Suv,,,,,
2019 Kia Soul +,"$13,397
est. $193/mo","26,133 Miles
Saint Paul, MN",+,4 Cylinder Engine,KNDJP3A53K7022872,Automatic,FWD,Titanium Gray,Black,"26,133",,Used,,Gasoline,25 city / 30 hwy,,,
2019 Nissan Rogue SV,"$20,800
est. $300/mo","20,346 Miles
Burnsville, MN",SV,4 Cylinder,KNMAT2MV8KP555950,Automatic,AWD,Gun Metallic,Charcoal,,41627,Used,,Gasoline,25 city / 32 hwy,,,
2015 Kia Forte LX,"$9,990
est. $144/mo","78,525 Miles
Minneapolis, MN",LX,1.8L I4 DOHC Dual CVVT,KNAFX4A63F5289397,Automatic,FWD,Metallic Bronze,Gray,"78,525",LGD13905A,Used,Sedan,,,,,
2019 Ram Pickup 1500 Big Horn/Lone Star,"$38,790
est. $559/mo","32,728 Miles
Forest Lake, MN",Big Horn/Lone Star,HEMI 5.7L V8 Multi Displacement VVT,1C6SRFFT2KN523309,Automatic,4WD,Diamond Black Crystal Pearlcoat,Black,"32,728",R20375A,Used,Pickup_truck,,,,,
2017 Chevrolet Volt Premier,"$20,998
est. $303/mo","24,047 Miles
Minneapolis, MN",Premier,1.5L,1G1RB6S57HU109601,Automatic,FWD,White,Black,,19256902,Used,,Plug-in hybrid,43 city / 42 hwy,,,
2020 Mitsubishi Outlander PHEV GT,"$38,170
est. $550/mo","10 Miles
Saint Paul, MN",GT,,JA4J24A50LZ030013,Automatic,AWD,Ruby Black Pearl,BLACK,10,95030,New,Suv,,,,,
2018 Chrysler Pacifica Touring Plus,"$21,990
est. $317/mo","45,792 Miles
Forest Lake, MN",Touring Plus,3.6L V6 24V VVT,2C4RC1FGXJR116693,Automatic,FWD,Brilliant Black Crystal Pearlcoat,Black/Alloy,"45,792",P15755,Used,Minivan,,,,,
2015 Nissan Rogue S,"$15,998
est. $231/mo","52,733 Miles
Minneapolis, MN",S,2.5L,KNMAT2MV1FP581134,Automatic,AWD,Burgundy,Gray,,19257061,Used,,Gasoline,25 city / 32 hwy,,,
2020 Ford F-150 XLT,"$42,152
est. $608/mo","Mileage Unknown
Apple Valley, MN",XLT,2.7L V6 EcoBoost,1FTEX1EP3LFC48807,Automatic,4WD,Oxford White,Blk Unique Spt Clth Sts,,82140,New,Pickup_truck,,,,,
2017 Hyundai Elantra Value Edition,"$15,998
est. $231/mo","30,209 Miles
Minneapolis, MN",Value Edition,2.0L,5NPD84LF9HH210273,Automatic,FWD,Red,Black,,19365656,Used,,Gasoline,28 city / 37 hwy,,,
2020 Mitsubishi Eclipse Cross SE,"$24,600
est. $355/mo","10 Miles
Saint Paul, MN",SE,,JA4AS5AA3LZ015167,Automatic,FWD,Pearl White,BLACK,10,95338,New,Suv,,,,,
2020 Jeep Grand Cherokee Limited X,"$39,990
est. $576/mo","13,543 Miles
Forest Lake, MN",Limited X,3.6L V6 24V VVT,1C4RJFBG1LC264137,Automatic,4WD,Velvet Red Pearlcoat,Black,"13,543",LP15366R,Used,Suv,,,,,
2020 GMC Sierra 3500HD Denali,"$76,180
est. $1,098/mo","35 Miles
Monticello, MN",Denali,Duramax 6.6L V8 Turbodiesel,1GT49WEY1LF306568,Automatic,4WD,White Frost Tricoat,Dark Walnut/Dark Ash Grey,35,G20-533,New,Pickup_truck,,,,,
2018 Jeep Renegade Latitude,"$16,998
est. $245/mo","18,566 Miles
Brooklyn Park, MN",Latitude,1.4L,ZACCJABH0JPG96812,Manual,FWD,Gray,Black,,18706835,Used,,Gasoline,24 city / 31 hwy,,,
2020 Nissan Pathfinder SV,"$25,096
est. $362/mo","12,547 Miles
Burnsville, MN",SV,6 Cylinder,5N1DR2BM4LC609531,Automatic,4WD,Magnetic Black Pearl,Charcoal,,41616,Used,,Gasoline,20 city / 27 hwy,,,
2019 Jeep Cherokee Trailhawk,"$27,763
est. $400/mo","21,062 Miles
Forest Lake, MN",Trailhawk,2.0L I4 DOHC,1C4PJMBN6KD182925,Automatic,4WD,Bright White Clearcoat,Black,"21,062",CP15662A,Used,Suv,,,,,
2017 Lexus CT 200h Base,"$21,998
est. $317/mo","33,990 Miles
Minneapolis, MN",Base,1.8L,JTHKD5BHXH2296334,Automatic,FWD,Blue,Black,,19181249,Used,,Hybrid,43 city / 40 hwy,,,
2018 Chevrolet Equinox LT w/1LT,"$20,395
est. $294/mo","33,054 Miles
Fridley, MN",LT w/1LT,1.5L 4 cyls,2GNAXSEV5J6164750,Automatic,4WD,Summit White,Medium Ash Gray,"33,054",13230P,Certified pre-owned,Suv,,,,,
2020 Mitsubishi Outlander PHEV GT,"$38,350
est. $553/mo","10 Miles
Saint Paul, MN",GT,,JA4J24A5XLZ029807,Automatic,AWD,Red Diamond,BLACK,10,95029,New,Suv,,,,,
2020 Ford Escape SE,"$24,615
est. $355/mo","Mileage Unknown
Shakopee, MN",SE,1.5L EcoBoost,1FMCU9G60LUB49131,Automatic,AWD,Oxford White,Ebony,,S42668,New,Suv,,,,,
2020 Dodge Durango GT,"$38,461
est. $554/mo","185 Miles
Stillwater, MN",GT,,1C4RDJDG9LC163242,Automatic,AWD,VICE WHITE,,185,420178,New,Suv,,,,,
2015 Toyota Avalon XLE Touring,"$20,998
est. $303/mo","28,680 Miles
Saint Paul, MN",XLE Touring,3.5L,4T1BK1EB9FU184953,Automatic,FWD,Black,Tan,,18464882,Used,,Gasoline,21 city / 31 hwy,,,
2020 Ford Escape SE,Accepting Offers,"3 Miles
Inver Grove Heights, MN",SE,,1FMCU9G6XLUB05007,Automatic,AWD,Oxford White,,3,2005007,New,Suv,,,,,
2020 Chevrolet Trax LT,"$20,375
est. $294/mo","5 Miles
Fridley, MN",LT,1.4L 4 cyls,KL7CJPSB0LB335914,Automatic,AWD,Mosaic Black Metallic,Jet Black,5,53069,New,Suv,,,,,
2020 Ram Pickup 1500 Classic Warlock,"$29,378
est. $423/mo","2 Miles
Forest Lake, MN",Warlock,3.6L V6 24V VVT,1C6RR7GG2LS104465,Automatic,4WD,Bright White Clearcoat,Black,2,R20349,New,Pickup_truck,,,,,
2017 Jeep Compass Latitude,"$18,497
est. $267/mo","46,015 Miles
Forest Lake, MN",Latitude,2.4L I4 MultiAir,3C4NJDBB5HT630751,Automatic,4WD,Laser Blue Pearlcoat,Black,"46,015",D20031A,Used,Suv,,,,,
2018 GMC Terrain SLE Diesel,"$24,998
est. $360/mo","33,440 Miles
Minneapolis, MN",SLE Diesel,1.6L,3GKALUEU1JL188633,Automatic,4WD,Black,,"33,440",,Used,Suv,Diesel,28 city / 38 hwy,,,
2019 Jeep Cherokee Latitude Plus,"$23,763
est. $343/mo","43,245 Miles
Stillwater, MN",Latitude Plus,,1C4PJMLX9KD137266,Automatic,4WD,Billet Silver Metallic Clearcoat,Black,"43,245",Q51393,Used,Suv,,,,,
2020 Mitsubishi Outlander Sport ES 2.0,"$20,999
est. $303/mo","10 Miles
Saint Paul, MN",ES 2.0,,JA4AR3AU3LU009957,Automatic,AWD,Pearl White,BLACK,10,93932,New,Suv,,,,,
2020 Mitsubishi Outlander Sport ES 2.0,"$18,999
est. $274/mo","7 Miles
Saint Paul, MN",ES 2.0,,JA4AP3AU9LU030947,Automatic,FWD,Octane Blue Metallic,BLACK,7,96003,New,Suv,,,,,
2018 Chevrolet Impala LT,"$17,150
est. $247/mo","37,822 Miles
Burnsville, MN",LT,6 Cylinder,2G1105S3XJ9177812,Automatic,FWD,Summit White,Jet Black,,41530,Used,,Flex fuel,19 city / 28 hwy,,,
2020 Mitsubishi Outlander Sport ES 2.0,"$21,000
est. $303/mo","10 Miles
Saint Paul, MN",ES 2.0,,JA4AR3AU8LU016533,Automatic,AWD,Sunshine Orange Metallic,BLACK,10,94261,New,Suv,,,,,
2020 Ram Pickup 1500 Laramie,"$45,661
est. $658/mo","2 Miles
Forest Lake, MN",Laramie,HEMI 5.7L V8 Multi Displacement VVT eTorque,1C6SRFRT9LN395602,Automatic,4WD,Maximum Steel Metallic Clearcoat,Black,2,R20609,New,Pickup_truck,,,,,
2019 Mitsubishi Outlander PHEV GT,"$35,210
est. $508/mo","11 Miles
Saint Paul, MN",GT,,JA4J24A55KZ049011,Automatic,AWD,Quartz Brown Metallic,BLACK,11,96050,New,Suv,,,,,
2020 Mitsubishi Outlander ES,"$23,235
est. $335/mo","10 Miles
Saint Paul, MN",ES,,JA4AZ3A34LZ017396,Automatic,AWD,Cosmic Blue Metallic,BLACK,10,93946,New,Suv,,,,,
2020 Honda CR-V LX,"$27,770
est. $400/mo","5 Miles
Coon Rapids, MN",LX,,2HKRW2H25LH660839,,AWD,Obsidian Blue Pearl,Gray,5,LH660839,New,Suv,,,,,
2018 GMC Yukon Denali,"$66,299
est. $956/mo","5,800 Miles
Inver Grove Heights, MN",Denali,8 Cylinder,1GKS2CKJ0JR116083,Automatic,4WD,Summit White,Jet Black,"5,800",18197,Used,Suv,,,,,
2020 Mitsubishi Mirage LE,"$14,275
est. $206/mo","11 Miles
Saint Paul, MN",LE,,ML32A5HJ3LH008456,Automatic,FWD,Sunrise Orange Metallic,BLACK,11,95419,New,Hatchback,,,,,
2018 Nissan Rogue Sport S,"$15,798
est. $228/mo","32,162 Miles
Burnsville, MN",S,4 Cylinder,JN1BJ1CP7JW192491,Automatic,FWD,Gun Metallic,Charcoal,,41557,Used,,Gasoline,25 city / 32 hwy,,,
2014 Jeep Compass Latitude,"$14,599
est. $210/mo","67,697 Miles
Brooklyn Park, MN",Latitude,2.4L,1C4NJDEB2ED852144,Automatic,4WD,Silver,Black,"67,697",,Used,Suv,Gasoline,,,,
2019 Chrysler 300 Limited,"$22,197
est. $320/mo","25,284 Miles
Saint Paul, MN",Limited,V6 Cylinder Engine,2C3CCAEG7KH634196,Automatic,RWD,Bright White Clearcoat,Black,"25,284",,Used,,Gasoline,19 city / 30 hwy,,,
2017 Nissan Sentra SV,"$13,599
est. $196/mo","35,192 Miles
Minneapolis, MN",SV,1.8L,3N1AB7AP9HL675446,Automatic,FWD,Gray,Black,,19256784,Used,,Gasoline,29 city / 37 hwy,,,
2020 Nissan Armada SV,"$37,800
est. $545/mo","8,304 Miles
Burnsville, MN",SV,8 Cylinder,JN8AY2NC5L9617684,Automatic,4WD,Brilliant Silver Metallic,Black,,41622,Used,,Gasoline,13 city / 18 hwy,,,
2020 Ram Pickup 1500 Big Horn/Lone Star,"$40,799
est. $588/mo","Mileage Unknown
Shakopee, MN",Big Horn/Lone Star,HEMI 5.7L V8 Multi Displacement VVT,1C6SRFFT0LN233622,Automatic,4WD,Granite Crystal Metallic Clearcoat,Diesel Gray/Black,,D4714,New,Pickup_truck,,,,,
2017 Chevrolet Trax LS,"$15,998
est. $231/mo","30,609 Miles
Minneapolis, MN",LS,1.4L,3GNCJNSB6HL215099,Automatic,AWD,Burgundy,Black,,19256898,Used,,Gasoline,24 city / 30 hwy,,,
2019 Jeep Grand Cherokee Altitude,"$33,887
est. $488/mo","18,861 Miles
Burnsville, MN",Altitude,6 Cylinder,1C4RJFAG0KC802357,Automatic,4WD,Granite Crystal Metallic Clearcoat,Black,,41440,Used,,Gasoline,18 city / 25 hwy,,,
2020 Ram Pickup 1500 Big Horn/Lone Star,"$41,865
est. $603/mo","2 Miles
Forest Lake, MN",Big Horn/Lone Star,HEMI 5.7L V8 Multi Displacement VVT eTorque,1C6SRFFT9LN395572,Automatic,4WD,Granite Crystal Metallic Clearcoat,Diesel Gray/Black,2,R20723,New,Pickup_truck,,,,,
2017 Chevrolet Silverado 1500 LT,"$36,999
est. $533/mo","40,891 Miles
Forest Lake, MN",LT,EcoTec3 5.3L V8,3GCUKREC7HG172214,Automatic,4WD,Graphite Metallic,Jet Black,"40,891",CPS5179B,Used,Pickup_truck,,,,,
2020 Mitsubishi Eclipse Cross SE,"$27,170
est. $392/mo","10 Miles
Saint Paul, MN",SE,,JA4AT5AA0LZ019755,Automatic,AWD,Pearl White,BLACK,10,94902,New,Suv,,,,,
2020 Ford Escape SE,"$24,343
est. $351/mo","Mileage Unknown
Apple Valley, MN",SE,1.5L EcoBoost,1FMCU0G65LUB96795,Automatic,FWD,Rapid Red MET T,Dk Earth Gry Clth Front B,,82278,New,Suv,,,,,
2020 Jeep Gladiator Sport,"$40,999
est. $591/mo","Mileage Unknown
Shakopee, MN",Sport,3.6L V6 24V VVT,1C6HJTAG1LL123149,Automatic,4WD,Firecracker Red Clearcoat,Black,,D5327,New,Pickup_truck,,,,,
2020 Mitsubishi Mirage LE,"$14,500
est. $209/mo","10 Miles
Saint Paul, MN",LE,,ML32A5HJ9LH004962,Automatic,FWD,PEARL WHITE,BLACK,10,94729,New,Hatchback,,,,,
2015 Acura TLX SH-AWD V6 w/Advance,"$22,998
est. $331/mo","45,700 Miles
Minneapolis, MN",SH-AWD V6 w/Advance,3.5L,19UUB3F71FA009795,Automatic,AWD,Black,Black,,18465324,Used,,Gasoline,21 city / 31 hwy,,,
2020 Chevrolet Trax LT,"$19,382
est. $279/mo","2,817 Miles
Fridley, MN",LT,1.4L 4 cyls,3GNCJLSB1LL194837,Automatic,FWD,Cajun Red Tintcoat,Jet Black,"2,817",52292,New,Suv,,,,,
2020 Dodge Durango SXT Plus,"$34,284
est. $494/mo","2 Miles
Forest Lake, MN",SXT Plus,3.6L V6 24V VVT,1C4RDJAG8LC131645,Automatic,AWD,DB Black Crystal Clearcoat,Black,2,D20012,New,Suv,,,,,
2020 Buick Encore Essence,"$20,699
est. $298/mo","7,561 Miles
Burnsville, MN",Essence,4 Cylinder,KL4CJGSB9LB034099,Automatic,AWD,Summit White,Ebony,,41156,Used,,Gasoline,24 city / 29 hwy,,,
2018 Nissan Sentra SV,"$14,998
est. $216/mo","33,078 Miles
Minneapolis, MN",SV,1.8L,3N1AB7AP0JL643863,Automatic,FWD,White,Black,,19389718,Used,,Gasoline,29 city / 37 hwy,,,
2019 Ford Edge SEL,"$28,999
est. $418/mo","13,077 Miles
Apple Valley, MN",SEL,EcoBoost 2.0L I4 GTDi DOHC Turbocharged VCT,2FMPK4J91KBB81913,Automatic,AWD,Ingot Silver Metallic,Dune,"13,077",26279X,Certified pre-owned,Suv,,,,,
2019 Chevrolet Silverado 1500 RST,"$44,995
est. $649/mo","14,980 Miles
Fridley, MN",RST,2.7L 4 cyls,3GCPYEEK2KG191451,Automatic,4WD,Summit White,Jet Black w/Cloth Seat Trim,"14,980",13253P,Certified pre-owned,Pickup_truck,,,,,
2020 Mitsubishi Outlander Sport SE 2.0,"$21,999
est. $317/mo","10 Miles
Saint Paul, MN",SE 2.0,,JA4AR3AU1LU017152,Automatic,,Mercury Gray Metallic,BLACK,10,95059,New,Suv,,,,,
2009 MINI Cooper John Cooper Works,"$9,111
est. $131/mo","82,990 Miles
Bloomington, MN",John Cooper Works,,WMWMF93559TF96844,Manual,FWD,Laser Blue Metallic,Carbon Black,"82,990",LHP7479A,Used,Hatchback,,,,,
2013 Chevrolet Cruze 1LT Auto,"$11,998
est. $173/mo","45,041 Miles
Maplewood, MN",1LT Auto,1.4L,1G1PC5SB4D7279847,Automatic,FWD,Black,Black,,19256935,Used,,Gasoline,26 city / 38 hwy,,,
2020 Mitsubishi Mirage G4,"$12,999
est. $187/mo","11 Miles
Saint Paul, MN",,,ML32F3FJ0LHF11339,Automatic,FWD,Sapphire Blue Metallic,BLACK,11,95386,New,Sedan,,,,,
2017 Chevrolet Cruze LS Auto,"$13,599
est. $196/mo","41,654 Miles
Saint Paul, MN",LS Auto,1.4L,1G1BC5SM1H7143953,Automatic,FWD,Red,Black,,18971065,Used,,Gasoline,30 city / 40 hwy,,,
2016 Chevrolet Tahoe LTZ,"$39,996
est. $577/mo","76,491 Miles
Saint Paul, MN",LTZ,,1GNSKCKC0GR342038,Automatic,4WD,Silver Ice Metallic,Jet Black,"76,491",W96412P,Used,Suv,,,,,
2020 Mitsubishi Outlander PHEV SEL,"$33,380
est. $481/mo","11 Miles
Saint Paul, MN",SEL,,JA4J24A54LZ041774,Automatic,AWD,Pearl White,BLACK,11,95961,New,Suv,,,,,
2020 Chevrolet Malibu LT,"$22,557
est. $325/mo","2,185 Miles
Fridley, MN",LT,1.5L 4 cyls,1G1ZD5ST1LF007596,Automatic,FWD,Silver Ice Metallic,Jet Black w/Leather-Appointed Seat Trim,"2,185",2675,New,Sedan,,,,,
2018 Ford Escape Titanium,"$24,000
est. $346/mo","24,946 Miles
Inver Grove Heights, MN",Titanium,,1FMCU9J99JUA64367,Automatic,AWD,WHITE GOLD METALLIC,Medium Light Stone,"24,946",12083P,Used,Suv,,,,,
2017 Chevrolet Malibu LT,"$17,998
est. $259/mo","26,559 Miles
Brooklyn Park, MN",LT,1.5L,1G1ZE5ST2HF287050,Automatic,FWD,Blue,Black,,19257090,Used,,Gasoline,27 city / 36 hwy,,,
2018 Nissan Versa SV,"$10,450
est. $151/mo","40,413 Miles
Burnsville, MN",SV,4 Cylinder,3N1CN7AP6JL877537,Automatic,FWD,Cayenne Red,Charcoal,,41481,Used,,Gasoline,31 city / 39 hwy,,,
2014 Mitsubishi Lancer Evolution MR,"$27,999
est. $404/mo","92,312 Miles
Saint Paul, MN",MR,,JA32W5FV2EU002418,Automatic,AWD,Cosmic Blue Pearl,Black,"92,312",W96233X,Used,Sedan,,,,,
2020 Ram Pickup 1500 Big Horn/Lone Star,"$41,590
est. $599/mo","Mileage Unknown
Shakopee, MN",Big Horn/Lone Star,HEMI 5.7L V8 Multi Displacement VVT eTorque,1C6SRFFT3LN394207,Automatic,4WD,Delmonico Red Pearlcoat,Black,,D5360,New,Pickup_truck,,,,,
2020 Jeep Cherokee Trailhawk,"$30,067
est. $433/mo","2 Miles
Forest Lake, MN",Trailhawk,3.2L V6,1C4PJMBX8LD647627,Automatic,4WD,Diamond Black Crystal Pearlcoat,Black,2,J20612,New,Suv,,,,,
2019 Jeep Compass Trailhawk,"$21,149
est. $305/mo","33,564 Miles
Burnsville, MN",Trailhawk,4 Cylinder,3C4NJDDB7KT739572,Automatic,4WD,Granite Crystal Metallic Clearcoat,Ruby Red/Black,,41572,Used,,Gasoline,22 city / 30 hwy,,,
2018 Jeep Wrangler Unlimited Unlimited Sahara,"$33,990
est. $490/mo","43,261 Miles
Forest Lake, MN",Unlimited Sahara,3.6L V6 24V VVT,1C4HJWEG2JL921628,,4WD,Chief Clearcoat,Black,"43,261",P15880,Used,Suv,,,,,
2019 Ford Flex SEL,"$26,988
est. $389/mo","42,716 Miles
Roseville, MN",SEL,V-6 3.5L,2FMHK6C8XKBA02417,Automatic,AWD,Agate Black,Charcoal Black,"42,716",19TR186,Used,Suv,,,,,
2020 Mitsubishi Outlander Sport ES 2.0,"$20,005
est. $288/mo","11 Miles
Saint Paul, MN",ES 2.0,,JA4AP3AU5LU030928,Automatic,FWD,Alloy Silver Metallic,BLACK,11,96243,New,Suv,,,,,
2017 Ford Explorer Sport,"$33,998
est. $490/mo","26,714 Miles
Minneapolis, MN",Sport,3.5L,1FM5K8GTXHGC75937,Automatic,AWD,Black,Black,,19373498,Used,,Gasoline,16 city / 22 hwy,,,
2020 Ford Escape SE,"$28,607
est. $412/mo","Mileage Unknown
Roseville, MN",SE,I-3 1.5L,1FMCU9G62LUC21821,Automatic,AWD,Star White,Cloth Bucket Seats Sandstone,0,2248U9G,New,Suv,,,,,
2018 Chevrolet Traverse Premier,"$37,395
est. $539/mo","29,856 Miles
Fridley, MN",Premier,3.6L V6,1GNEVJKW3JJ103141,Automatic,4WD,Mosaic Black Metallic,Jet Black,"29,856",13228P,Certified pre-owned,Suv,,,,,
2018 Hyundai Santa Fe Sport 2.4L,"$19,998
est. $288/mo","39,983 Miles
Minneapolis, MN",2.4L,2.4L,5NMZTDLBXJH061098,Automatic,AWD,Gray,Gray,,18971496,Used,,Gasoline,20 city / 26 hwy,,,
2018 Chevrolet Equinox LT w/1LT,"$20,995
est. $303/mo","43,303 Miles
Fridley, MN",LT w/1LT,1.5L 4 cyls,2GNAXSEV1J6250685,Automatic,4WD,Mosaic Black Metallic,Jet Black,"43,303",13250P,Certified pre-owned,Suv,,,,,
2011 Subaru Outback 2.5i Limited,"$13,599
est. $196/mo","105,791 Miles
Maplewood, MN",2.5i Limited,2.5L,4S4BRCKC0B3413055,Automatic,AWD,Gray,Black,,19256999,Used,,Gasoline,22 city / 29 hwy,,,
2018 Nissan Versa SV,"$10,200
est. $147/mo","39,804 Miles
Burnsville, MN",SV,4 Cylinder,3N1CN7AP7JL878678,Automatic,FWD,Super Black,Charcoal,,41651,Used,,Gasoline,31 city / 39 hwy,,,
2020 Mitsubishi Outlander ES,"$23,235
est. $335/mo","10 Miles
Saint Paul, MN",ES,,JA4AZ3A39LZ016907,Automatic,AWD,Alloy Silver Metallic,BLACK,10,93943,New,Suv,,,,,
2017 Chevrolet Silverado 1500 LT w/1LT,"$33,995
est. $490/mo","30,605 Miles
Fridley, MN",LT w/1LT,5.3L V8,1GCVKREC8HZ292222,Automatic,4WD,Graphite Metallic,Jet Black w/Cloth Seat Trim,"30,605",13199P,Used,Pickup_truck,,,,,
2020 Mitsubishi Eclipse Cross SE,"$26,775
est. $386/mo","11 Miles
Saint Paul, MN",SE,,JA4AT5AA4LZ037577,Automatic,AWD,Alloy Silver Metallic,BLACK,11,95668,New,Suv,,,,,
2019 Jeep Wrangler Unlimited Sport S,"$34,797
est. $502/mo","25,720 Miles
Saint Paul, MN",Sport S,V6 Cylinder Engine,1C4HJXDG0KW536348,,4WD,Firecracker Red Clearcoat,Black,"25,720",,Used,Suv,Gasoline,,,,
2014 Toyota Camry SE V6,"$15,998
est. $231/mo","86,914 Miles
Maplewood, MN",SE V6,3.5L,4T1BK1FK3EU547891,Automatic,FWD,Black,Gray,,19256645,Used,,Gasoline,21 city / 31 hwy,,,
2018 Buick Envision Essence,"$25,999
est. $375/mo","27,255 Miles
Forest Lake, MN",Essence,2.5L 4-Cylinder DGI DOHC VVT,LRBFX2SA3JD025992,Automatic,AWD,Ebony Twilight Metallic,Ebony,"27,255",PE5215,Used,Suv,,,,,
2017 Chevrolet Silverado 1500 LT w/1LT,"$31,995
est. $461/mo","43,106 Miles
Fridley, MN",LT w/1LT,5.3L V8,1GCVKREC8HZ206813,Automatic,4WD,Deep Ocean Blue Metallic,Jet Black w/Cloth Seat Trim,"43,106",13158P,Certified pre-owned,Pickup_truck,,,,,
2018 Kia Forte LX,"$11,990
est. $173/mo","47,457 Miles
Forest Lake, MN",LX,2.0L I4 DOHC Dual CVVT,3KPFL4A78JE265181,Automatic,FWD,Silky Silver,Black,"47,457",P15803,Used,Sedan,,,,,
2020 Land Rover Range Rover Evoque SE,"$47,100
est. $679/mo","4,769 Miles
Burnsville, MN",SE,4 Cylinder,SALZP2FX5LH078047,Automatic,AWD,White,Black,,41542,Used,,Gasoline,20 city / 27 hwy,,,
2016 Chevrolet Colorado Z71,"$30,995
est. $447/mo","37,491 Miles
Fridley, MN",Z71,3.6L V6,1GCPTDE14G1393228,Automatic,4WD,Laser Blue,Jet Black w/Cloth/Leatherette Seat Trim,"37,491",50465A,Certified pre-owned,Pickup_truck,,,,,
2019 Honda Insight EX,"$19,751
est. $285/mo","21,122 Miles
Coon Rapids, MN",EX,,19XZE4F52KE005097,Automatic,FWD,White Orchid Pearl,Black,"21,122",LL022214A,Used,Sedan,,,,,
2017 Chevrolet Silverado 1500 LT w/2LT,"$35,495
est. $512/mo","31,891 Miles
Fridley, MN",LT w/2LT,5.3L V8,1GCVKRECXHZ358690,Automatic,4WD,Silver Ice Metallic,Jet Black w/Cloth Seat Trim,"31,891",13171P,Certified pre-owned,Pickup_truck,,,,,
2019 Kia Soul +,"$14,998
est. $216/mo","41,707 Miles
Minneapolis, MN",+,2.0L,KNDJP3A57K7020798,Automatic,FWD,Silver,Black,,19413848,Used,,Gasoline,25 city / 30 hwy,,,
2020 Buick Encore GX,"$23,646
est. $341/mo","117 Miles
Minneapolis, MN",,,KL4MMESL0LB114531,Automatic,4WD,Chili Red Metallic,Ebony,117,LJLB20102,New,Suv,,,,,
2018 Chevrolet Equinox LT,"$17,998
est. $259/mo","21,609 Miles
Minneapolis, MN",LT,1.5L,2GNAXJEV0J6247755,Automatic,FWD,Black,Black,,19256294,Used,,Gasoline,26 city / 32 hwy,,,
2011 Chevrolet Equinox LT w/2LT,"$10,100
est. $146/mo","73,576 Miles
Bloomington, MN",LT w/2LT,,2CNFLNECXB6213013,Automatic,AWD,Black Granite Metallic,Jet Black,"73,576",LH21107A,Used,Suv,,,,,
2020 Buick Enclave Essence,"$37,990
est. $548/mo","14,390 Miles
Forest Lake, MN",Essence,3.6L V6 SIDI VVT,5GAEVAKW9LJ147593,Automatic,4WD,Dark Slate Metallic,Shale,"14,390",CP15868,Used,Suv,,,,,
2020 Mitsubishi Outlander Sport SE 2.0,"$21,999
est. $317/mo","10 Miles
Saint Paul, MN",SE 2.0,,JA4AR3AU6LU016241,Automatic,,Alloy Silver Metallic,BLACK,10,95054,New,Suv,,,,,
2020 Nissan Murano SL,"$39,085
est. $563/mo","7 Miles
Minneapolis, MN",SL,3.5L V6 DOHC 24V,5N1AZ2CS0LN153144,Automatic,AWD,Gun Metallic,Graphite,7,LN21221,New,Suv,,,,,
2019 Chrysler 300 300S,"$24,496
est. $353/mo","37,943 Miles
Saint Paul, MN",300S,,2C3CCAGG9KH586374,Automatic,AWD,Gloss Black,Black,"37,943",W95839P,Used,Sedan,,,,,
2020 Mitsubishi Outlander Sport ES 2.0,"$23,025
est. $332/mo","10 Miles
Saint Paul, MN",ES 2.0,,JA4AR3AU7LU023313,Automatic,AWD,Sunshine Orange Metallic,BLACK,10,94686,New,Suv,,,,,
2008 Buick Lucerne CXL,"$8,995
est. $130/mo","75,668 Miles
Fridley, MN",CXL,3.8L V6,1G4HD57208U138522,Automatic,FWD,Sharkskin,Titanium w/Leather-Appointed Seat Trim,"75,668",53151A,Used,Sedan,,,,,
2014 Jeep Grand Cherokee Limited,"$19,890
est. $287/mo","90,266 Miles
Forest Lake, MN",Limited,3.6L V6 Flex Fuel 24V VVT,1C4RJFBGXEC219488,Automatic,4WD,Granite Crystal Metallic Clearcoat,Black,"90,266",P15848,Used,Suv,,,,,
2018 Toyota 4Runner SR5,"$30,895
est. $445/mo","42,002 Miles
Burnsville, MN",SR5,6 Cylinder,JTEBU5JR4J5575919,Automatic,4WD,Red,Black,,41098,Used,,Gasoline,17 city / 20 hwy,,,
2018 Jeep Cherokee Trailhawk,"$22,990
est. $331/mo","67,168 Miles
Forest Lake, MN",Trailhawk,3.2L V6,1C4PJMBX2JD512477,Automatic,4WD,Granite Crystal Metallic Clearcoat,Black,"67,168",J20637A,Used,Suv,,,,,
2020 Nissan Murano SV,"$33,018
est. $476/mo","6 Miles
Minneapolis, MN",SV,3.5L V6 DOHC 24V,5N1AZ2BS1LN151758,Automatic,AWD,Super Black Metallic,Graphite,6,LN21203,New,Suv,,,,,
2020 Jeep Renegade Latitude,"$21,500
est. $310/mo","2 Miles
Forest Lake, MN",Latitude,2.4L I4,ZACNJBBB2LPL27203,Automatic,4WD,Glacier Metallic Clearcoat,Black,2,J20355,New,Suv,,,,,
2020 Jeep Cherokee Limited,"$31,411
est. $453/mo","2 Miles
Forest Lake, MN",Limited,2.0L I4 DOHC,1C4PJMDN5LD544838,Automatic,4WD,Diamond Black Crystal Pearlcoat,Black,2,J20142,New,Suv,,,,,
2020 Mitsubishi Mirage LE,"$14,275
est. $206/mo","11 Miles
Saint Paul, MN",LE,,ML32A5HJ0LH008463,Automatic,FWD,Mystic Black Metallic,BLACK,11,95395,New,Hatchback,,,,,
2020 Jeep Grand Cherokee Limited,"$40,761
est. $588/mo","2 Miles
Forest Lake, MN",Limited,3.6L V6 24V VVT,1C4RJFBG6LC436422,Automatic,4WD,Diamond,,2,J20676,New,Suv,,,,,
2021 Honda Pilot Special Edition,"$42,080
est. $607/mo","4 Miles
Coon Rapids, MN",Special Edition,,5FNYF6H26MB010050,,AWD,Lunar Silver Metallic,Gray,4,MB010050,New,Suv,,,,,
2020 Chevrolet Silverado 1500 RST,"$42,642
est. $615/mo","2 Miles
Princeton, MN",RST,EcoTec3 5.3L V8,3GCUYEED6LG370291,Automatic,4WD,Silver Ice Metallic,Black,2,5555,New,Pickup_truck,,,,,
2012 Chevrolet Traverse LT,"$8,990
est. $130/mo","153,080 Miles
Monticello, MN",LT,3.6L V6 SIDI,1GNKVGED3CJ127510,Automatic,AWD,Silver Ice Metallic,Dk gray lt gray,"153,080",G20-164B,Used,Suv,,,,,
2018 Honda CR-V EX,"$26,998
est. $389/mo","24,174 Miles
Minneapolis, MN",EX,1.5L,7FARW2H56JE006040,Automatic,AWD,Gray,Gray,,18465411,Used,,Gasoline,27 city / 33 hwy,,,
2013 Chrysler 200 Limited,"$13,599
est. $196/mo","31,781 Miles
Maplewood, MN",Limited,3.6L,1C3CCBCG5DN520510,Automatic,FWD,Blue,Black,,18971151,Used,,Flex fuel,19 city / 29 hwy,,,
2019 Kia Forte LXS IVT,"$15,438
est. $223/mo","14,209 Miles
Waconia, MN",LXS IVT,4 Cylinder Engine,3KPF24AD7KE109823,Automatic,FWD,Silky Silver,Black,"14,209",X18587,Used,Sedan,,,,,
2020 Mitsubishi Outlander Sport SE 2.0,"$21,999
est. $317/mo","12 Miles
Saint Paul, MN",SE 2.0,,JA4AR3AU2LU015068,Automatic,,Mercury Gray Metallic,BLACK,12,95049,New,Suv,,,,,
2017 Buick Encore Preferred II,"$17,998
est. $259/mo","13,077 Miles
Minneapolis, MN",Preferred II,1.4L,KL4CJBSB2HB080299,Automatic,FWD,Silver,Black,,19256885,Used,,Gasoline,25 city / 33 hwy,,,
2020 Nissan Altima 2.5 Platinum,"$30,675
est. $442/mo","6 Miles
Minneapolis, MN",2.5 Platinum,2.5L 4-Cylinder DOHC 16V,1N4BL4FV8LN304748,Automatic,FWD,Pearl White Tricoat,Charcoal,6,LN21200,New,Sedan,,,,,
2017 Chevrolet Trax LT,"$15,998
est. $231/mo","20,026 Miles
Minneapolis, MN",LT,1.4L,3GNCJLSB7HL240095,Automatic,FWD,Burgundy,Black,,19256895,Used,,Gasoline,25 city / 33 hwy,,,
2017 Chevrolet Traverse LT,"$18,990
est. $274/mo","84,628 Miles
Princeton, MN",LT,3.6L V6 SIDI,1GNKVGKD7HJ335465,Automatic,AWD,Silver Ice Metallic,Dark titanium light titanium,"84,628",P8871A,Used,Suv,,,,,
2018 Nissan Versa SV,"$10,855
est. $156/mo","42,364 Miles
Burnsville, MN",SV,4 Cylinder,3N1CN7AP9JL841406,Automatic,FWD,Deep Blue Pearl,Charcoal,,41595,Used,,Gasoline,31 city / 39 hwy,,,
2018 Dodge Durango Citadel,"$37,890
est. $546/mo","32,079 Miles
Forest Lake, MN",Citadel,HEMI 5.7L V8 Multi Displacement VVT,1C4SDJET9JC161131,Automatic,AWD,Octane Red Pearlcoat,Black,"32,079",P15805,Used,Suv,,,,,
2020 Chevrolet Trax,"$19,045
est. $275/mo","4 Miles
Bloomington, MN",,,3GNCJPSB0LL267476,Automatic,AWD,Steel Metallic,Jet Black,4,LH20545,New,Suv,,,,,
2020 Jeep Compass Limited,"$23,490
est. $339/mo","29,994 Miles
Forest Lake, MN",Limited,2.4L I4,3C4NJDCB2LT126763,Automatic,4WD,Granite Crystal Metallic Clearcoat,Black,"29,994",PF15881,Used,Suv,,,,,
2019 Kia Rio S,"$11,900
est. $172/mo","37,879 Miles
Burnsville, MN",S,4 Cylinder,3KPA24AB6KE157788,Automatic,FWD,Silky Silver,Black,,41623,Used,,Gasoline,28 city / 37 hwy,,,
2020 Jeep Grand Cherokee Laredo,"$33,889
est. $488/mo","25 Miles
Forest Lake, MN",Laredo,3.6L V6 24V VVT,1C4RJFAG7LC298021,Automatic,4WD,Diamond Black Crystal Pearlcoat,Black,25,J20490,New,Suv,,,,,
2019 Ford Expedition MAX XLT,"$39,990
est. $576/mo","42,442 Miles
Forest Lake, MN",XLT,EcoBoost 3.5L V6 GTDi DOHC 24V Twin Turbocharged,1FMJK1JTXKEA27477,Automatic,4WD,Stone Gray Metallic,Ebony,"42,442",PF15715,Used,Suv,,,,,
2016 GMC Acadia SLE-2,"$23,990
est. $346/mo","33,796 Miles
Monticello, MN",SLE-2,3.6L V6 SIDI,1GKKVPKD0GJ211081,Automatic,AWD,Dark sapphire blue metallic,Ebony,"33,796",30482A,Used,Suv,,,,,
2020 Honda CR-V EX,"$30,280
est. $436/mo","Mileage Unknown
Coon Rapids, MN",EX,,2HKRW2H56LH676655,,AWD,Modern Steel Metallic,Gray,0,LH676655,New,Suv,,,,,
2020 Jeep Renegade Trailhawk,"$23,990
est. $346/mo","3,667 Miles
Forest Lake, MN",Trailhawk,1.3L I4,ZACNJBC13LPL41245,Automatic,4WD,Colorado Red Clearcoat,Black,"3,667",LP15623R,Used,Suv,,,,,
2020 Ford Mustang EcoBoost,"$30,995
est. $447/mo","4,613 Miles
Fridley, MN",EcoBoost,2.3L 4 cyls,1FATP8UH0L5112950,,RWD,Black,,"4,613",13130PA,Used,Convertible,,,,,
2018 Chevrolet Malibu LT,"$14,900
est. $215/mo","38,300 Miles
Burnsville, MN",LT,4 Cylinder,1G1ZD5STXJF275513,Automatic,FWD,Silver Ice Metallic,Jet Black,,41438,Used,,Gasoline,27 city / 36 hwy,,,
2015 GMC Yukon XL Denali,"$35,998
est. $519/mo","95,686 Miles
Brooklyn Park, MN",Denali,6.2L,1GKS2JKJ7FR733282,Automatic,4WD,Black,Black,"95,686",,Used,Suv,Gasoline,,,,
2018 Honda CR-V EX-L,"$26,998
est. $389/mo","25,116 Miles
Minneapolis, MN",EX-L,1.5L,7FARW2H80JE093167,Automatic,AWD,Silver,Black,,19322800,Used,,Gasoline,27 city / 33 hwy,,,
2019 Nissan Sentra S,"$14,599
est. $210/mo","35,002 Miles
Saint Paul, MN",S,1.8L,3N1AB7AP8KY268440,Automatic,FWD,Black,Black,,19388545,Used,,Gasoline,29 city / 37 hwy,,,
2016 Chevrolet Malibu LT,"$17,998
est. $259/mo","13,847 Miles
Minneapolis, MN",LT,1.5L,1G1ZE5ST9GF352703,Automatic,FWD,Gray,Black,,19256309,Used,,Gasoline,27 city / 37 hwy,,,
2020 Mitsubishi Eclipse Cross SE,"$26,275
est. $379/mo","10 Miles
Saint Paul, MN",SE,,JA4AT5AA0LZ036989,Automatic,AWD,Tarmac Black Metallic,BLACK,10,95016,New,Suv,,,,,
2020 Ram Pickup 1500 Big Horn/Lone Star,"$41,380
est. $596/mo","2 Miles
Forest Lake, MN",Big Horn/Lone Star,HEMI 5.7L V8 Multi Displacement VVT eTorque,1C6SRFFT7LN416211,Automatic,4WD,Bright White Clearcoat,Diesel Gray/Black,2,R20735,New,Pickup_truck,,,,,
2017 Nissan Sentra SV,"$13,998
est. $202/mo","31,440 Miles
Minneapolis, MN",SV,1.8L,3N1AB7AP1HY234008,Automatic,FWD,Blue,Gray,,19329977,Used,,Gasoline,29 city / 37 hwy,,,
2010 Mercedes-Benz E-Class E 350 Luxury,"$11,000
est. $159/mo","110,365 Miles
South Saint Paul, MN",E 350 Luxury,,WDDHF8HB3AA063259,Automatic,AWD,Capri Blue Metallic,Black,"110,365",Z12178A,Used,Sedan,,,,,
2019 Toyota Camry LE,"$17,450
est. $252/mo","43,023 Miles
Burnsville, MN",LE,4 Cylinder,4T1B11HK9KU229933,Automatic,FWD,White,Black,,41558,Used,,Gasoline,28 city / 39 hwy,,,
2020 Ram Pickup 1500 Laramie,"$45,804
est. $660/mo","2 Miles
Forest Lake, MN",Laramie,HEMI 5.7L V8 Multi Displacement VVT eTorque,1C6SRFRT0LN416241,Automatic,4WD,Maximum Steel Metallic Clearcoat,Black,2,R20747,New,Pickup_truck,,,,,
2020 Ford Explorer Limited,"$47,697
est. $688/mo","5 Miles
Roseville, MN",Limited,I-4 2.3L EcoBoost,1FMSK8FH3LGC81202,Automatic,AWD,Star White,Ebony,5,202152,New,Suv,,,,,
2020 Chevrolet Impala LT,"$23,138
est. $334/mo","7,617 Miles
Burnsville, MN",LT,6 Cylinder,1G11Z5S32LU113131,Automatic,FWD,Black,Jet Black,,41492,Used,,Flex fuel,19 city / 28 hwy,,,
2020 Ford Fusion SE,"$21,499
est. $310/mo","561 Miles
Apple Valley, MN",SE,EcoBoost 2.0L I4 GTDi DOHC Turbocharged VCT,3FA6P0T99LR199155,Automatic,AWD,Iconic Silver MET,Ebony,561,R81851,New,Sedan,,,,,
2020 Jeep Cherokee Limited,"$29,911
est. $431/mo","2 Miles
Forest Lake, MN",Limited,2.0L I4 DOHC,1C4PJMDNXLD544866,Automatic,4WD,Granite Crystal Metallic Clearcoat,Black,2,J20153,New,Suv,,,,,
2020 Mitsubishi Outlander PHEV SEL,"$33,100
est. $477/mo","11 Miles
Saint Paul, MN",SEL,,JA4J24A5XLZ041763,Automatic,AWD,Pearl White,BLACK,11,95985,New,Suv,,,,,
2020 Ram Pickup 1500 Big Horn/Lone Star,"$41,558
est. $599/mo","2 Miles
Forest Lake, MN",Big Horn/Lone Star,HEMI 5.7L V8 Multi Displacement VVT eTorque,1C6SRFFTXLN395581,Automatic,4WD,Billet Silver Metallic Clearcoat,Diesel Gray/Black,2,R20744,New,Pickup_truck,,,,,
2020 Volvo XC90 Momentum,"$48,500
est. $699/mo","8,450 Miles
Minnetonka, MN",Momentum,,YV4A22PK3L1550144,Automatic,,Thunder Gray Metallic,Charcoal,"8,450",5123,Used,Suv,,,,,
2018 Chevrolet Colorado Z71,"$30,495
est. $440/mo","41,861 Miles
Fridley, MN",Z71,3.6L V6,1GCGTDEN7J1127857,Automatic,4WD,Black,Jet Black,"41,861",53257A,Certified pre-owned,Pickup_truck,,,,,
2018 Hyundai Accent SE,"$11,449
est. $165/mo","36,653 Miles
Burnsville, MN",SE,4 Cylinder,3KPC24A33JE005600,Automatic,FWD,Pomegranate Red,Black,,41483,Used,,Gasoline,28 city / 38 hwy,,,
2017 Ford Mustang EcoBoost,"$23,998
est. $346/mo","17,841 Miles
Saint Paul, MN",EcoBoost,2.3L,1FA6P8TH1H5286869,Automatic,RWD,Red,Black,"17,841",,Used,Coupe,Gasoline,,,,
2020 Ford Fusion Hybrid SE,Accepting Offers,"2 Miles
Inver Grove Heights, MN",SE,,3FA6P0LU9LR148808,Automatic,FWD,Magnetic Metallic,,2,2048808,New,Sedan,,,,,
2019 Mitsubishi Outlander PHEV GT,"$29,999
est. $432/mo","11 Miles
Saint Paul, MN",GT,,JA4J24A50KZ055055,Automatic,AWD,Pearl White,BLACK,11,95834,New,Suv,,,,,
2020 Nissan Pathfinder SV,"$27,199
est. $392/mo","6,076 Miles
Burnsville, MN",SV,6 Cylinder,5N1DR2BM3LC602795,Automatic,4WD,Gun Metallic,Charcoal,,41514,Used,,Gasoline,20 city / 27 hwy,,,
2017 Chevrolet Silverado 1500 LT w/1LT,"$30,995
est. $447/mo","84,330 Miles
Fridley, MN",LT w/1LT,5.3L V8,3GCUKREC8HG279773,Automatic,4WD,Black,Jet Black w/Leather Appointed Seat Trim,"84,330",53251A,Used,Pickup_truck,,,,,
2020 Ford Escape SEL,"$26,750
est. $386/mo","2,967 Miles
Shakopee, MN",SEL,1.5L EcoBoost,1FMCU9H62LUB09597,Automatic,AWD,Agate Black Metallic,Ebony Black,"2,967",S11470X,Certified pre-owned,Suv,,,,,
2020 Mitsubishi Outlander SE,"$25,625
est. $369/mo","11 Miles
Saint Paul, MN",SE,,JA4AZ3A33LZ039924,Automatic,,Mercury Gray Metallic,BLACK,11,95657,New,Suv,,,,,
2017 Chevrolet Malibu LT,"$16,998
est. $245/mo","22,493 Miles
Minneapolis, MN",LT,1.5L,1G1ZE5ST1HF221329,Automatic,FWD,Gray,Black,,19257267,Used,,Gasoline,27 city / 36 hwy,,,
2015 Nissan Rogue SL,"$16,452
est. $237/mo","61,335 Miles
Shakopee, MN",SL,2.5L I4 DOHC 16V,5N1AT2MV1FC903290,Automatic,AWD,Arctic Blue Metallic,Charcoal,"61,335",S42723B,Used,Suv,,,,,
2020 Kia Sorento LX V6,"$21,050
est. $303/mo","16,035 Miles
Burnsville, MN",LX V6,6 Cylinder,5XYPG4A51LG627834,Automatic,FWD,Imperial Blue,Black,,41580,Used,,Gasoline,19 city / 26 hwy,,,
2017 Nissan Rogue S,"$16,998
est. $245/mo","40,739 Miles
Minneapolis, MN",S,2.5L,JN8AT2MV2HW275895,Automatic,AWD,Black,Black,,19292250,Used,,Gasoline,25 city / 32 hwy,,,
2014 Buick LaCrosse Leather Group,"$14,640
est. $211/mo","55,969 Miles
Forest Lake, MN",Leather Group,3.6L V6 E85 Flex Fuel SIDI DOHC VVT,1G4GB5G3XEF100533,Automatic,FWD,Quicksilver Metallic,Light Neutral/Cocoa Accents,"55,969",LP15294S,Used,Sedan,,,,,
2020 Mitsubishi Eclipse Cross SE,"$24,300
est. $350/mo","10 Miles
Saint Paul, MN",SE,,JA4AS5AA7LZ011221,Automatic,FWD,Tarmac Black Metallic,BLACK,10,95326,New,Suv,,,,,
2020 Ford Fusion S,"$18,819
est. $271/mo","5 Miles
Roseville, MN",S,I-4 2.5L,3FA6P0G74LR170431,Automatic,FWD,Oxford White,Ebony,5,209024,New,Sedan,,,,,
2016 Ford C-MAX Energi SEL,"$16,998
est. $245/mo","19,028 Miles
Minneapolis, MN",SEL,2.0L,1FADP5CU6GL118965,Automatic,FWD,Silver,Gray,,18465283,Used,,Plug-in hybrid,40 city / 36 hwy,,,
2020 Mitsubishi Outlander ES,"$23,235
est. $335/mo","10 Miles
Saint Paul, MN",ES,,JA4AZ3A30LZ017279,Automatic,AWD,Labrador Black Metallic,BLACK,10,93976,New,Suv,,,,,
2016 Toyota Corolla LE,"$15,998
est. $231/mo","25,290 Miles
Minneapolis, MN",LE,1.8L,2T1BURHE9GC610626,Automatic,FWD,Red,Gray,,19257250,Used,,Gasoline,29 city / 38 hwy,,,
2020 GMC Terrain SLT,"$24,699
est. $356/mo","15,651 Miles
Burnsville, MN",SLT,4 Cylinder,3GKALVEVXLL234333,Automatic,4WD,Summit White,Jet Black,,41454,Used,,Gasoline,25 city / 28 hwy,,,
2017 Nissan Maxima 3.5 SV,"$22,998
est. $331/mo","31,558 Miles
Minneapolis, MN",3.5 SV,3.5L,1N4AA6AP1HC414906,Automatic,FWD,Silver,Black,,19388901,Used,,Gasoline,21 city / 30 hwy,,,
2020 Honda CR-V EX,"$30,280
est. $436/mo","4 Miles
Coon Rapids, MN",EX,,2HKRW2H59LH659767,,AWD,Radiant Red Metallic,Gray,4,LH659767,New,Suv,,,,,
2017 Nissan Sentra SV,"$13,599
est. $196/mo","53,022 Miles
Minneapolis, MN",SV,1.8L,3N1AB7APXHY324127,Automatic,FWD,Blue,Black,,19362709,Used,,Gasoline,29 city / 37 hwy,,,
2020 Mitsubishi Eclipse Cross SE,"$25,775
est. $372/mo","13 Miles
Saint Paul, MN",SE,,JA4AT5AA9LZ032228,Automatic,AWD,Mercury Gray Metallic,BLACK,13,95617,New,Suv,,,,,
2020 Dodge Journey SE,"$22,043
est. $318/mo","2 Miles
Forest Lake, MN",SE,2.4L I4 DOHC 16V Dual VVT,3C4PDCAB8LT202130,Automatic,FWD,Vice White,Black,2,D20050,New,Suv,,,,,
2020 Nissan Murano SV,"$26,788
est. $386/mo","7,997 Miles
Burnsville, MN",SV,6 Cylinder,5N1AZ2BS5LN133165,Automatic,AWD,Super Black Metallic,Graphite,,41585,Used,,Gasoline,20 city / 28 hwy,,,
2020 Ram Pickup 1500 Laramie,"$52,014
est. $750/mo","Mileage Unknown
Shakopee, MN",Laramie,HEMI 5.7L V8 Multi Displacement VVT eTorque,1C6SRFJT8LN363672,Automatic,4WD,Diamond Black Crystal Pearlcoat,Black,,D5409,New,Pickup_truck,,,,,
2014 Jeep Compass Latitude,"$10,872
est. $157/mo","74,035 Miles
Minnetonka, MN",Latitude,,1C4NJDEB6ED549514,Automatic,4WD,Bright White Clearcoat,Dark Slate Gray,"74,035",26941A,Used,Suv,,,,,
2014 Ford F-150 XLT,"$25,500
est. $368/mo","49,999 Miles
Shakopee, MN",XLT,5.0L V8 FFV,1FTVW1EF6EKE74943,Automatic,4WD,Ingot Silver Metallic,Steel Gray,"49,999",S11568X,Used,Pickup_truck,,,,,
2015 Ford F-150 Platinum,"$36,990
est. $533/mo","59,296 Miles
Forest Lake, MN",Platinum,EcoBoost 3.5L V6 GTDi DOHC 24V Twin Turbocharged,1FTEW1EG5FFA56585,Automatic,4WD,White,Black,"59,296",PF15809A,Used,Pickup_truck,,,,,
2012 Chevrolet Tahoe LT,"$19,850
est. $286/mo","109,110 Miles
Shakopee, MN",LT,Vortec 5.3L V8 SFI Flex Fuel Iron Block,1GNSKBE01CR270563,Automatic,4WD,Black,Ebony,"109,110",D4950A,Used,Suv,,,,,
2020 Honda CR-V EX,"$30,180
est. $435/mo","6 Miles
Coon Rapids, MN",EX,,2HKRW2H58LH638845,,AWD,Crystal Black Pearl,Gray,6,LH638845,New,Suv,,,,,
2018 BMW i3,"$25,995
est. $375/mo","8,080 Miles
Minnetonka, MN",,,WBY7Z4C57JVD96100,Automatic,RWD,Mineral Gray Metallic w/BMW i Frozen Blue Accent,Atelier European Dark,"8,080",5129,Used,Wagon,,,,,
2013 Kia Sportage EX,"$12,995
est. $187/mo","87,536 Miles
Fridley, MN",EX,2.4L 4 cyls,KNDPCCA20D7372474,Automatic,AWD,Mineral Silver,Alpine Gray w/Clean Tex Cloth Seat Trim,"87,536",13156PA,Used,Suv,,,,,
2020 Nissan Altima 2.5 SR,"$25,721
est. $371/mo","23 Miles
Minneapolis, MN",2.5 SR,2.5L 4-Cylinder DOHC 16V,1N4BL4CW6LC166071,Automatic,AWD,Pearl White Tricoat,Black Sport,23,LN21027,New,Sedan,,,,,
2019 Nissan Armada SV,"$31,998
est. $461/mo","42,868 Miles
Maplewood, MN",SV,5.6L,JN8AY2ND7K9088911,Automatic,RWD,Black,Black,,19329756,Used,,Gasoline,14 city / 19 hwy,,,
2020 Nissan Rogue SV,"$26,395
est. $380/mo","6 Miles
Minneapolis, MN",SV,2.5L I4 DOHC 16V,JN8AT2MV8LW132085,Automatic,AWD,Pearl White Tricoat,Charcoal,6,LN21099,New,Suv,,,,,
2017 Buick Encore Preferred II,"$16,998
est. $245/mo","24,053 Miles
Minneapolis, MN",Preferred II,1.4L,KL4CJBSB7HB063966,Automatic,FWD,White,Black,,19257076,Used,,Gasoline,25 city / 33 hwy,,,
2017 Ford Escape SE,"$16,999
est. $245/mo","20,888 Miles
Plymouth, MN",SE,1.5L EcoBoost,1FMCU0GD1HUD74787,Automatic,FWD,Ruby Red Metallic Tinted Clearcoat,Charcoal Black,"20,888",P17464,Used,Suv,,,,,
2019 Dodge Charger SXT,"$27,799
est. $401/mo","17,058 Miles
Plymouth, MN",SXT,3.6L V6 24V VVT,2C3CDXJG4KH611691,Automatic,AWD,Octane Red Pearlcoat,Black,"17,058",PX17391,Used,Sedan,,,,,
2020 Cadillac XT5 Premium Luxury,"$39,499
est. $569/mo","5,999 Miles
Burnsville, MN",Premium Luxury,6 Cylinder,1GYKNCRSXLZ131656,Automatic,FWD,Radiant Silver Metallic,Jet Black,,41569,Used,,Gasoline,18 city / 26 hwy,,,
2019 Mitsubishi Outlander PHEV GT,"$33,825
est. $488/mo","11 Miles
Saint Paul, MN",GT,,JA4J24A58KZ056566,Automatic,AWD,Rally Red Metallic,BLACK,11,95922,New,Suv,,,,,
2020 Ford Fusion S,"$18,819
est. $271/mo","5 Miles
Roseville, MN",S,I-4 2.5L,3FA6P0G76LR170432,Automatic,FWD,Agate Black,Ebony,5,209025,New,Sedan,,,,,
2020 Mitsubishi Eclipse Cross SE,"$24,800
est. $357/mo","10 Miles
Saint Paul, MN",SE,,JA4AS5AA5LZ015252,Automatic,FWD,Red Diamond,BLACK,10,95334,New,Suv,,,,,
2020 Mitsubishi Eclipse Cross SE,"$26,775
est. $386/mo","11 Miles
Saint Paul, MN",SE,,JA4AT5AA5LZ019332,Automatic,AWD,Tarmac Black Metallic,BLACK,11,95665,New,Suv,,,,,
2017 Ford Escape SE,"$19,000
est. $274/mo","22,668 Miles
Shakopee, MN",SE,1.5L EcoBoost,1FMCU9GD7HUC90669,Automatic,AWD,White,Medium Light Stone,"22,668",S11529X,Certified pre-owned,Suv,,,,,
2020 Mitsubishi Mirage LE,"$14,275
est. $206/mo","11 Miles
Saint Paul, MN",LE,,ML32A5HJ8LH008467,Automatic,FWD,Starlight Silver Metallic,BLACK,11,95396,New,Hatchback,,,,,
2020 Jeep Renegade Latitude,"$22,212
est. $320/mo","1 Miles
Forest Lake, MN",Latitude,2.4L I4,ZACNJBBB3LPL28716,Automatic,4WD,Alpine White Clearcoat,Black,1,J20343,New,Suv,,,,,
2017 Buick Encore Preferred II,"$26,999
est. $389/mo","3,344 Miles
Inver Grove Heights, MN",Preferred II,4 Cylinder,KL4CJBSB3HB223048,Automatic,FWD,Ebony Twilight Metallic,Ebony,"3,344",17454R,Used,Suv,,,,,
2020 Chevrolet Trax LT,"$20,375
est. $294/mo","1 Miles
Fridley, MN",LT,1.4L 4 cyls,3GNCJPSB3LL283123,Automatic,AWD,Mosaic Black Metallic,Jet Black,1,53147,New,Suv,,,,,
2018 Dodge Charger SRT 392,"$42,490
est. $612/mo","8,948 Miles
Forest Lake, MN",SRT 392,SRT HEMI 6.4L V8 MDS,2C3CDXEJXJH272729,Automatic,RWD,Pitch Black Clearcoat,Ruby Red/Black,"8,948",P15729,Used,Sedan,,,,,
2017 Chevrolet Silverado 1500 LT w/2LT,"$35,995
est. $519/mo","46,871 Miles
Fridley, MN",LT w/2LT,5.3L V8,1GCVKREC0HZ168316,Automatic,4WD,Graphite Metallic,Jet Black w/Cloth Seat Trim,"46,871",13219P,Certified pre-owned,Pickup_truck,,,,,
2013 Chevrolet Corvette 2LT,"$29,999
est. $432/mo","40,165 Miles
Saint Paul, MN",2LT,,1G1YF2DW2D5108729,Automatic,RWD,Blade Silver Metallic,Ebony,"40,165",W96123MA,Used,Coupe,,,,,
2020 Honda Odyssey LX,"$31,910
est. $460/mo","5 Miles
Coon Rapids, MN",LX,,5FNRL6H20LB065475,,FWD,Modern Steel Metallic,Gray,5,LB065475,New,Minivan,,,,,
2019 Mitsubishi Eclipse Cross SEL,"$23,999
est. $346/mo","11 Miles
Saint Paul, MN",SEL,,JA4AT5AA2KZ001353,Automatic,AWD,Red Diamond,BLACK,11,94039,New,Suv,,,,,
2017 Jeep Renegade Latitude,"$18,990
est. $274/mo","18,255 Miles
Forest Lake, MN",Latitude,2.4L I4 MultiAir,ZACCJBBB8HPE53728,Automatic,4WD,,,"18,255",LP15624R,Used,Suv,,,,,
2011 Ram Pickup 1500 Sport,"$14,858
est. $214/mo","178,658 Miles
Stillwater, MN",Sport,,1D7RV1CT5BS662447,Automatic,4WD,Brilliant Black Crystal Pearl,Dark Slate Gray,"178,658",A1630B,Used,Pickup_truck,,,,,
2020 Chevrolet Trax,"$21,700
est. $313/mo","5 Miles
Bloomington, MN",,,3GNCJRSB6LL172657,Automatic,AWD,Gray Metallic,Jet Black,5,LH20199,New,Suv,,,,,
2020 Jeep Cherokee Limited,"$32,323
est. $466/mo","14 Miles
South Saint Paul, MN",Limited,,1C4PJMDXXLD591591,Automatic,4WD,BRIGHT WHITE CLEAR COAT,,14,A1252,New,Suv,,,,,
2020 Infiniti QX60 Pure,"$34,950
est. $504/mo","633 Miles
Burnsville, MN",Pure,6 Cylinder,5N1DL0MM2LC531432,Automatic,AWD,Liquid Platinum,Graphite,,41418,Used,,Gasoline,19 city / 26 hwy,,,
2017 Subaru Outback 3.6R Touring,"$26,998
est. $389/mo","48,422 Miles
Minneapolis, MN",3.6R Touring,3.6L,4S4BSETC3H3370662,Automatic,AWD,Black,Brown,,18971487,Used,,Gasoline,20 city / 27 hwy,,,
2019 Chevrolet Impala Premier,"$21,000
est. $303/mo","34,030 Miles
Burnsville, MN",Premier,6 Cylinder,1G1105S37KU133058,Automatic,FWD,Black,Jet Black,,41662,Used,,Flex fuel,18 city / 28 hwy,,,
2017 Mercedes-Benz C-Class AMG C 43,"$41,529
est. $599/mo","23,875 Miles
Minnetonka, MN",AMG C 43,,55SWF6EB7HU213710,Automatic,AWD,Selenite Gray Metallic,Black,"23,875",27091,Used,Sedan,,,,,
2019 Nissan Sentra SV,"$14,998
est. $216/mo","39,838 Miles
Minneapolis, MN",SV,1.8L,3N1AB7AP4KY284831,Automatic,FWD,White,Black,,19389692,Used,,Gasoline,29 city / 37 hwy,,,
2017 Mitsubishi Mirage GT,"$11,990
est. $173/mo","2,206 Miles
Delano, MN",GT,,ML32A5HJ8HH022019,Automatic,FWD,Infrared,Black,"2,206",N0946A,Used,Hatchback,,,,,
2020 Mitsubishi Outlander GT,"$32,435
est. $468/mo","11 Miles
Saint Paul, MN",GT,,JA4JZ4AX9LZ042481,Automatic,AWD,Red Diamond,BLACK,11,96303,New,Suv,,,,,
2020 Mitsubishi Outlander Sport ES 2.0,"$22,670
est. $327/mo","15 Miles
Saint Paul, MN",ES 2.0,,JA4AR3AU5LU004775,Automatic,AWD,Labrador Black Metallic,BLACK,15,94608,New,Suv,,,,,
2017 Mitsubishi Outlander Sport ES 2.0,"$14,996
est. $216/mo","24,412 Miles
Saint Paul, MN",ES 2.0,,JA4AR3AU6HZ019800,Automatic,AWD,Labrador Black Pearl,BLACK,"24,412",W96318M,Used,Suv,,,,,
2020 Mitsubishi Outlander PHEV SEL,"$29,999
est. $432/mo","11 Miles
Saint Paul, MN",SEL,,JA4J24A59LZ028146,Automatic,AWD,Alloy Silver Metallic,BLACK,11,94639,New,Suv,,,,,
2019 Toyota Highlander XLE,"$41,998
est. $605/mo","2,836 Miles
Minneapolis, MN",XLE,3.5L,5TDJZRFH6KS624347,Automatic,AWD,White,Gray,,18465389,Used,,Gasoline,19 city / 26 hwy,,,
2021 Chevrolet TrailBlazer,"$29,402
est. $424/mo","5 Miles
Bloomington, MN",,,KL79MSSL7MB014998,Automatic,4WD,Black Metallic,Jet Black With Arizona Accents,5,LH21034,New,Suv,,,,,
2020 Ford Escape SE,"$26,981
est. $389/mo","Mileage Unknown
Shakopee, MN",SE,1.5L EcoBoost,1FMCU9G65LUB86112,Automatic,AWD,Red Metallic,Ebony,,S42825,New,Suv,,,,,
2020 Ram Pickup 1500 Laramie,"$44,963
est. $648/mo","2 Miles
Forest Lake, MN",Laramie,HEMI 5.7L V8 Multi Displacement VVT eTorque,1C6SRFJT1LN416258,Automatic,4WD,Granite Crystal Metallic Clearcoat,Black,2,R20702,New,Pickup_truck,,,,,
2017 Ford F-150 XL,"$29,998
est. $432/mo","24,667 Miles
Minneapolis, MN",XL,2.7L,,Automatic,4WD,,Black,"24,667",,,Pickup,Gasoline,,Extended,Regular,Single
2019 Ram Pickup 1500 Big Horn/Lone Star,"$42,777
est. $617/mo","11,798 Miles
Forest Lake, MN",Big Horn/Lone Star,HEMI 5.7L V8 Multi Displacement VVT,1C6SRFFT5KN892875,Automatic,4WD,Bright White Clearcoat,Diesel Gray/Black,"11,798",R99038,New,Pickup_truck,,,,,
2020 Dodge Grand Caravan SE,"$24,291
est. $350/mo","2 Miles
Forest Lake, MN",SE,3.6L V6 24V VVT,2C4RDGBG2LR222080,Automatic,FWD,White Knuckle Clearcoat,Black/Light Graystone,2,D20093,New,Minivan,,,,,
2020 Jeep Cherokee Limited,"$30,368
est. $438/mo","2 Miles
Forest Lake, MN",Limited,2.0L I4 DOHC,1C4PJMDN7LD544856,Automatic,4WD,Granite Crystal Metallic Clearcoat,Black,2,J20149,New,Suv,,,,,
2015 Toyota Sienna XLE Premium 8-Passenger,"$18,998
est. $274/mo","93,100 Miles
Maplewood, MN",XLE Premium 8-Passenger,3.5L,5TDYK3DCXFS603370,Automatic,FWD,Gray,Gray,,18465165,Used,,Gasoline,18 city / 25 hwy,,,
2020 Mitsubishi Outlander Sport ES 2.0,"$21,830
est. $315/mo","11 Miles
Saint Paul, MN",ES 2.0,,JA4AR3AU1LU031424,Automatic,AWD,Pearl White,BLACK,11,96274,New,Suv,,,,,
2016 GMC Yukon XL Denali,"$43,499
est. $627/mo","69,268 Miles
Forest Lake, MN",Denali,EcoTec3 6.2L V8,1GKS2HKJ0GR380698,Automatic,4WD,Silver Ice Metallic,Jet Black,"69,268",CPS5153A,Used,Suv,,,,,
2015 Ford Escape SE,"$11,959
est. $172/mo","69,178 Miles
Coon Rapids, MN",SE,,1FMCU0GX4FUC63013,Automatic,FWD,Ruby Red Metallic Tinted Clearcoat,Charcoal Black,"69,178",LH665790A,Used,Suv,,,,,
2019 Honda HR-V EX,"$21,761
est. $314/mo","1,469 Miles
Coon Rapids, MN",EX,,3CZRU6H56KM737096,Automatic,AWD,WHITE,,"1,469",KM737096,New,Suv,,,,,
2019 Dodge Durango GT,"$32,999
est. $476/mo","22,480 Miles
Plymouth, MN",GT,3.6L V6 24V VVT,1C4RDJDG4KC721884,Automatic,AWD,White Knuckle Clearcoat,Black,"22,480",PX17386,Used,Suv,,,,,
2020 Chevrolet Spark LS CVT,"$12,460
est. $180/mo","4 Miles
Fridley, MN",LS CVT,1.4L 4 cyls,KL8CB6SA8LC457831,Automatic,FWD,Mosaic Black Metallic,Jet Black w/Cloth Seat Trim,4,2731,New,Hatchback,,,,,
2018 Ford Explorer XLT,"$29,550
est. $426/mo","22,547 Miles
Burnsville, MN",XLT,6 Cylinder,1FM5K8D80JGA45569,Automatic,AWD,White,Black,,41649,Used,,Gasoline,16 city / 22 hwy,,,
2016 Mercedes-Benz CLA CLA 250,"$23,195
est. $334/mo","29,335 Miles
Minnetonka, MN",CLA 250,,WDDSJ4GB6GN338834,Automatic,AWD,Mountain Gray Metallic,Black,"29,335",27017,Used,Sedan,,,,,
2018 Chevrolet Malibu LT,"$12,900
est. $186/mo","44,119 Miles
Burnsville, MN",LT,4 Cylinder,1G1ZD5ST2JF241050,Automatic,FWD,Nightfall Gray Metallic,Jet Black,,41077,Used,,Gasoline,27 city / 36 hwy,,,
2021 Chevrolet TrailBlazer LT,"$26,969
est. $389/mo","2 Miles
Forest Lake, MN",LT,1.3L Ecotec Turbo DOHC SIDI w/VVT,KL79MRSL6MB023085,Automatic,4WD,Mosaic Black Metallic,Jet Black,2,T21025,New,Suv,,,,,
2017 Chevrolet Trax Premier,"$17,499
est. $252/mo","36,501 Miles
Forest Lake, MN",Premier,ECOTEC 1.4L I4 SMPI DOHC Turbocharged VVT,3GNCJRSB0HL205840,Automatic,AWD,Nightfall Gray Metallic,Jet Black,"36,501",PE5317,Used,Suv,,,,,
2020 Mitsubishi Outlander Sport ES 2.0,"$22,095
est. $318/mo","10 Miles
Saint Paul, MN",ES 2.0,,JA4AR3AU7LU016958,Automatic,AWD,Pearl White,BLACK,10,94580,New,Suv,,,,,
2020 Buick Encore Preferred,"$28,145
est. $406/mo","Mileage Unknown
Inver Grove Heights, MN",Preferred,4 Cylinder,KL4CJESB3LB014516,Automatic,AWD,Deep Azure Metallic,Shale,0,20077,New,Suv,,,,,
2017 Ford Escape SE,"$17,888
est. $258/mo","39,033 Miles
Shakopee, MN",SE,1.5L EcoBoost,1FMCU9GD4HUD18590,Automatic,AWD,Magnetic Metallic,Charcoal Black,"39,033",S11524X,Used,Suv,,,,,
2020 Ford Explorer Platinum,"$52,619
est. $758/mo","5 Miles
Roseville, MN",Platinum,V-6 3.0L Twin Turbo,1FM5K8HC1LGA81563,Automatic,AWD,Magnetic,Ebony,5,202021,New,Suv,,,,,
2020 BMW X1 xDrive28i,"$34,150
est. $492/mo","7,762 Miles
Burnsville, MN",xDrive28i,4 Cylinder,WBXJG9C05L5P73251,Automatic,AWD,Black,Black,"7,762",,Used,Suv,Gasoline,,,,
2020 Ford Fusion Hybrid SE,"$21,999
est. $317/mo","Mileage Unknown
Shakopee, MN",SE,I4 Hybrid,3FA6P0LU5LR135750,Automatic,FWD,Black,Ebony,,S42262,New,Sedan,,,,,
2020 Chevrolet Camaro 2SS,"$48,316
est. $696/mo","2 Miles
Fridley, MN",2SS,6.2L V8,1G1FH1R72L0146020,Automatic,RWD,Satin Steel Metallic,Jet Black w/Leather-Trimmed Seat Trim or Leather-T,2,2742,New,Coupe,,,,,
2021 Chevrolet Tahoe High Country,"$75,719
est. $1,091/mo","2 Miles
Forest Lake, MN",High Country,EcoTec3 6.2L V8,1GNSKTKL4MR103538,,4WD,Iridescent Pearl Tricoat,Jet Black/Mocha,2,T21019,New,Suv,,,,,
2020 Buick Envision Premium II,"$48,540
est. $700/mo","14 Miles
Inver Grove Heights, MN",Premium II,4 Cylinder,LRBFX4SX6LD088538,Automatic,AWD,Ebony Twilight Metallic,Light Neutral,14,20141,New,Suv,,,,,
2020 Mitsubishi Outlander SE,"$25,950
est. $374/mo","10 Miles
Saint Paul, MN",SE,,JA4AZ3A35LZ017343,Automatic,,Pearl White,BLACK,10,93629,New,Suv,,,,,
2020 Honda CR-V LX,"$27,670
est. $399/mo","5 Miles
Coon Rapids, MN",LX,,5J6RW2H21LL007642,,AWD,Lunar Silver Metallic,Gray,5,LL007642,New,Suv,,,,,
2019 Toyota Tacoma TRD Sport,"$40,000
est. $577/mo","18,976 Miles
Inver Grove Heights, MN",TRD Sport,,3TMCZ5AN5KM202147,Automatic,4WD,Cement,Graphite w/Gun Metal,"18,976",12101P,Used,Pickup_truck,,,,,
2017 Hyundai Elantra SE,"$13,599
est. $196/mo","41,808 Miles
Maplewood, MN",SE,2.0L,KMHD74LF9HU400028,Automatic,FWD,Gray,Gray,,19367119,Used,,Gasoline,29 city / 38 hwy,,,
2019 Nissan Altima 2.5 S,"$17,998
est. $259/mo","33,964 Miles
Minneapolis, MN",2.5 S,2.5L,1N4BL4BVXKC229468,Automatic,FWD,Black,Black,,19413282,Used,,Gasoline,28 city / 39 hwy,,,
2017 Buick Envision Preferred,"$26,995
est. $389/mo","4,941 Miles
Inver Grove Heights, MN",Preferred,4 Cylinder,LRBFXCSA0HD076334,Automatic,AWD,Galaxy Silver Metallic,Light Neutral,"4,941",47707R,Used,Suv,,,,,
2013 Chevrolet Spark LT,"$7,499
est. $108/mo","75,671 Miles
Stillwater, MN",LT,,KL8CF6S97DC505119,Automatic,FWD,SILVER,Dark Pewter w/Silver Trim,"75,671",Z36867A,Used,Hatchback,,,,,
2019 Mitsubishi Outlander PHEV GT,"$34,120
est. $492/mo","10 Miles
Saint Paul, MN",GT,,JA4J24A52KZ056501,Automatic,AWD,Pearl White,BLACK,10,95881,New,Suv,,,,,
2018 Toyota Camry Hybrid LE,"$24,499
est. $353/mo","32,544 Miles
Apple Valley, MN",LE,2.5L I4 Hybrid DOHC,4T1B21HKXJU504995,Automatic,FWD,Midnight Black Metallic,,"32,544",81733B,Used,Sedan,,,,,
2019 Jeep Grand Cherokee Limited,"$30,797
est. $444/mo","28,820 Miles
Saint Paul, MN",Limited,V6 Cylinder Engine,1C4RJFBG3KC765349,Automatic,4WD,Billet Silver Metallic Clearcoat,Black,"28,820",,Used,,Gasoline,18 city / 25 hwy,,,
2019 Nissan Sentra S,"$14,998
est. $216/mo","35,297 Miles
Minneapolis, MN",S,1.8L,3N1AB7AP6KY268002,Automatic,FWD,Silver,Black,,19389370,Used,,Gasoline,29 city / 37 hwy,,,
2019 Nissan Sentra SV,"$12,397
est. $179/mo","34,597 Miles
Saint Paul, MN",SV,4 Cylinder Engine,3N1AB7AP2KY312478,Automatic,FWD,Fresh Powder,,"34,597",,Used,Sedan,Gasoline,29 city / 37 hwy,,,
2021 Mercedes-Benz GLA GLA 250,"$44,085
est. $635/mo","Mileage Unknown
Minnetonka, MN",GLA 250,,W1N4N4HB3MJ146742,Automatic,AWD,Iridium Silver Metallic,Black,,74500,New,Suv,,,,,
2020 Jeep Cherokee Limited,"$29,659
est. $428/mo","2 Miles
Forest Lake, MN",Limited,2.0L I4 DOHC,1C4PJMDN9LD647616,Automatic,4WD,Velvet Red Pearlcoat,Black,2,J20619,New,Suv,,,,,
2012 FIAT 500 Sport,"$9,599
est. $138/mo","50,863 Miles
Brooklyn Park, MN",Sport,1.4L,3C3CFFBR6CT208731,Manual,FWD,Orange,Gray,"50,863",,Used,Hatchback,Gasoline,,,,
2017 Ford F-150 Lariat,"$40,990
est. $591/mo","58,265 Miles
Forest Lake, MN",Lariat,EcoBoost 3.5L V6 GTDi DOHC 24V Twin Turbocharged,1FTFW1EG9HFB82732,Automatic,4WD,Shadow Black,Black,"58,265",CP15874,Used,Pickup_truck,,,,,
2020 Mitsubishi Outlander Sport ES 2.0,"$21,830
est. $315/mo","11 Miles
Saint Paul, MN",ES 2.0,,JA4AR3AU1LU026546,Automatic,AWD,Sunshine Orange Metallic,BLACK,11,95650,New,Suv,,,,,
2018 Nissan Sentra S,"$11,000
est. $159/mo","45,136 Miles
Burnsville, MN",S,4 Cylinder,3N1AB7AP8JY252480,Automatic,FWD,Super Black,Charcoal,,41673,Used,,Gasoline,29 city / 37 hwy,,,
2019 Mitsubishi Eclipse Cross SEL,"$27,345
est. $394/mo","10 Miles
Saint Paul, MN",SEL,,JA4AT5AAXKZ052809,Automatic,AWD,Pearl White,BLACK,10,94813,New,Suv,,,,,
2020 Chevrolet Equinox LT w/2LT,"$26,754
est. $386/mo","4,256 Miles
Fridley, MN",LT w/2LT,2.0L 4 cyls,3GNAXLEX1LS525614,Automatic,FWD,Summit White,Jet Black w/Premium Cloth Seat Trim,"4,256",51980,New,Suv,,,,,
2020 Nissan Murano SL,"$37,769
est. $544/mo","9 Miles
Minneapolis, MN",SL,3.5L V6 DOHC 24V,5N1AZ2CS4LN134127,Automatic,AWD,Super Black Metallic,Graphite,9,LN21165,New,Suv,,,,,
2018 Nissan Versa SV,"$10,199
est. $147/mo","41,962 Miles
Burnsville, MN",SV,4 Cylinder,3N1CN7AP2JK432444,Automatic,FWD,Brilliant Silver,Charcoal,,41509,Used,,Gasoline,31 city / 39 hwy,,,
2014 Chevrolet Equinox LTZ,"$16,780
est. $242/mo","46,778 Miles
Delano, MN",LTZ,,1GNFLHEK6EZ108983,Automatic,AWD,White Diamond Tricoat,Jet black,"46,778",N0937A,Used,Suv,,,,,
2019 Chevrolet Impala Premier,"$20,800
est. $300/mo","43,527 Miles
Burnsville, MN",Premier,6 Cylinder,2G1105S30K9136915,Automatic,FWD,Blue Velvet Metallic,Jet Black,,41574,Used,,Flex fuel,18 city / 28 hwy,,,
2021 Chevrolet TrailBlazer,"$27,242
est. $393/mo","5 Miles
Bloomington, MN",,,KL79MVSL2MB020435,Automatic,FWD,Mosaic Black Metallic,Jet Black With Arizona Accents,5,LH21116,New,Suv,,,,,
2019 Dodge Grand Caravan GT,"$16,600
est. $239/mo","44,852 Miles
Burnsville, MN",GT,6 Cylinder,2C4RDGEG7KR567826,Automatic,FWD,Black Onyx Crystal Pearlcoat,Black,,40947,Used,,Flex fuel,17 city / 25 hwy,,,
2018 Kia Sportage LX,"$17,998
est. $259/mo","8,823 Miles
Minneapolis, MN",LX,2.4L,KNDPM3AC8J7360574,Automatic,FWD,Red,Black,,19288658,Used,,Gasoline,22 city / 29 hwy,,,
2015 Mitsubishi Outlander Sport SE,"$13,998
est. $202/mo","99,100 Miles
Maplewood, MN",SE,2.0L,4A4AR4AU7FE032466,Automatic,AWD,White,Black,,18465319,Used,,Gasoline,24 city / 30 hwy,,,
2017 Chevrolet Silverado 1500 LT,"$32,999
est. $476/mo","48,717 Miles
Forest Lake, MN",LT,EcoTec3 5.3L V8,1GCVKREC2HZ322122,Automatic,4WD,Summit White,Jet Black,"48,717",T20805A,Used,Pickup_truck,,,,,
2020 Ford Escape SE,Accepting Offers,"Mileage Unknown
Shakopee, MN",SE,1.5L EcoBoost,1FMCU0G61LUB97720,Automatic,FWD,Red Metallic,Ebony,,S42870,New,Suv,,,,,
2020 Mercedes-Benz GLA GLA 250,"$34,800
est. $502/mo","7,065 Miles
Minnetonka, MN",GLA 250,,WDCTG4GB1LU023592,Automatic,AWD,Polar White,Black,"7,065",6185,Used,Suv,,,,,
2020 Chevrolet Silverado 1500 LTZ,"$49,678
est. $716/mo","2 Miles
Forest Lake, MN",LTZ,EcoTec3 5.3L V8,3GCUYGED5LG428130,Automatic,4WD,Northsky Blue Metallic,Jet Black,2,T20850,New,Pickup_truck,,,,,
2019 Chevrolet Colorado Z71,"$32,995
est. $476/mo","28,448 Miles
Fridley, MN",Z71,3.6L V6,1GCGTDEN5K1168070,Automatic,4WD,Summit White,Jet Black w/Cloth/Leatherette Seat Trim,"28,448",13248P,Certified pre-owned,Pickup_truck,,,,,
2018 GMC Terrain SLE,"$19,998
est. $288/mo","24,439 Miles
Minneapolis, MN",SLE,1.5L,3GKALMEV4JL316078,Automatic,FWD,Gray,Black,,19256496,Used,,Gasoline,26 city / 30 hwy,,,
2016 Chevrolet Equinox LT,"$16,490
est. $238/mo","40,220 Miles
Monticello, MN",LT,2.4L 4-Cylinder SIDI DOHC VVT,2GNALCEK2G6302583,Automatic,FWD,Tungsten Metallic,Jet black,"40,220",30366A,Used,Suv,,,,,
2020 Hyundai Tucson Value,"$21,996
est. $317/mo","490 Miles
Saint Paul, MN",Value,,KM8J3CA46LU228589,Automatic,AWD,Winter White,,490,W92832A,Used,Suv,,,,,
2018 Chevrolet Equinox LT,"$18,700
est. $270/mo","37,325 Miles
Burnsville, MN",LT,4 Cylinder,2GNAXSEV0J6264710,Automatic,4WD,Cajun Red Tintcoat,Jet Black,,41641,Used,,Gasoline,24 city / 30 hwy,,,
2019 Mitsubishi Outlander PHEV GT,"$36,035
est. $519/mo","11 Miles
Saint Paul, MN",GT,,JA4J24A50KZ052589,Automatic,AWD,Ruby Black Pearl,BLACK,11,96053,New,Suv,,,,,
2020 Mitsubishi Outlander Sport SE 2.0,"$21,999
est. $317/mo","10 Miles
Saint Paul, MN",SE 2.0,,JA4AR3AU8LU015396,Automatic,,Mercury Gray Metallic,BLACK,10,94292,New,Suv,,,,,
2020 Mitsubishi Outlander Sport ES 2.0,"$22,095
est. $318/mo","15 Miles
Saint Paul, MN",ES 2.0,,JA4AR3AU2LU010078,Automatic,AWD,Pearl White,BLACK,15,94610,New,Suv,,,,,
2020 Mitsubishi Outlander PHEV SEL,"$34,200
est. $493/mo","10 Miles
Saint Paul, MN",SEL,,JA4J24A58LZ027909,Automatic,AWD,Pearl White,BLACK,10,94819,New,Suv,,,,,
2020 Mitsubishi Outlander PHEV GT,"$38,635
est. $557/mo","10 Miles
Saint Paul, MN",GT,,JA4J24A57LZ010096,Automatic,AWD,Ruby Black Pearl,BLACK,10,94818,New,Suv,,,,,
2020 Jeep Renegade Latitude,"$21,604
est. $311/mo","2 Miles
Forest Lake, MN",Latitude,2.4L I4,ZACNJBBB9LPL56777,Automatic,4WD,Alpine White Clearcoat,Black,2,J20481,New,Suv,,,,,
2017 Volvo S90 T6 Momentum,"$28,998
est. $418/mo","27,720 Miles
Minneapolis, MN",T6 Momentum,2.0L,YV1A22MK2H1016674,Automatic,AWD,Blue,Black,,19257248,Used,,Gasoline,22 city / 31 hwy,,,
2020 Chevrolet Silverado 1500 RST,"$44,909
est. $647/mo","4 Miles
Fridley, MN",RST,5.3L V8,1GCRYEED5LZ356257,Automatic,4WD,Summit White,Jet Black w/Perforated Leather-Appointed Front Sea,4,53316,New,Pickup_truck,,,,,
2018 Ram Pickup 1500 Big Horn,"$33,350
est. $481/mo","27,120 Miles
Shakopee, MN",Big Horn,HEMI 5.7L V8 Multi Displacement VVT,3C6RR7LT6JG230576,Automatic,4WD,Bright Silver Metallic Clearcoat,Diesel Gray/Black,"27,120",D81991A,Certified pre-owned,Pickup_truck,,,,,
2020 Dodge Grand Caravan SE,"$24,363
est. $351/mo","2 Miles
Forest Lake, MN",SE,3.6L V6 24V VVT,2C4RDGBG0LR222076,Automatic,FWD,Granite Crystal Metallic Clearcoat,Black/Light Graystone,2,D20103,New,Minivan,,,,,
2017 Chevrolet Traverse LT w/2LT,"$28,975
est. $418/mo","34,682 Miles
Fridley, MN",LT w/2LT,3.6L V6,1GNKVHKD6HJ177450,Automatic,AWD,Mosaic Black Metallic,Ebony w/Leather-Appointed Seat Trim,"34,682",13217P,Certified pre-owned,Suv,,,,,
2019 Dodge Grand Caravan GT Wagon,"$19,999
est. $288/mo","42,035 Miles
Waconia, MN",GT Wagon,V6 Cylinder Engine,2C4RDGEG3KR659595,Automatic,FWD,Granite Pearlcoat,Black,"42,035",X18769,Certified pre-owned,Minivan,,,,,
2019 Jeep Grand Cherokee Limited,"$33,990
est. $490/mo","19,834 Miles
Forest Lake, MN",Limited,3.6L V6 24V VVT,1C4RJFBG9KC708590,Automatic,4WD,Velvet Red Pearlcoat,Black,"19,834",CP15835,Used,Suv,,,,,
2020 Ford Expedition XLT,"$57,999
est. $836/mo","Mileage Unknown
Shakopee, MN",XLT,EcoBoost 3.5L V6 GTDi DOHC 24V Twin Turbocharged,1FMJU1JT8LEA64121,Automatic,4WD,Blue,Ebony,,S42697,New,Suv,,,,,
2017 Ford Edge SEL,"$24,999
est. $360/mo","28,347 Miles
Apple Valley, MN",SEL,3.5L V6 Ti-VCT,2FMPK4J83HBB73487,Automatic,AWD,White Gold Metallic,Ebony,"28,347",26283X,Certified pre-owned,Suv,,,,,
2019 Jeep Wrangler Unlimited Sahara,"$39,000
est. $562/mo","27,490 Miles
Burnsville, MN",Sahara,4 Cylinder,1C4HJXENXKW590432,Automatic,4WD,Bright White Clearcoat,Black,,41647,Used,,Gasoline,22 city / 24 hwy,,,
2020 Chevrolet Blazer LT Cloth,"$29,899
est. $431/mo","9,265 Miles
Burnsville, MN",LT Cloth,6 Cylinder,3GNKBHRSXLS584692,Automatic,AWD,Summit White,Jet Black,,41511,Used,,Gasoline,18 city / 25 hwy,,,
2017 Infiniti QX60,"$28,075
est. $405/mo","29,245 Miles
Coon Rapids, MN",,,5N1DL0MM1HC530716,Automatic,AWD,Majestic White,Graphite,"29,245",P530716,Used,Suv,,,,,
2016 Dodge Grand Caravan SE,"$12,490
est. $180/mo","83,677 Miles
Monticello, MN",SE,3.6L V6 24V VVT,2C4RDGBG5GR100691,Automatic,FWD,Brilliant Black Crystal Pearlcoat,Black,"83,677",30443A,Used,Minivan,,,,,
2020 GMC Terrain SLE,"$33,980
est. $490/mo","Mileage Unknown
Inver Grove Heights, MN",SLE,4 Cylinder,3GKALTEV9LL122093,Automatic,4WD,Graphite Gray Metallic,Jet Black,0,20022,New,Suv,,,,,
2020 Ford F-150 XLT,"$47,428
est. $684/mo","5 Miles
Roseville, MN",XLT,V-8 5.0L,1FTFW1E51LKF09817,Automatic,4WD,Magnetic,Black,5,206227,New,Pickup_truck,,,,,
2020 Jeep Grand Cherokee Altitude,"$37,363
est. $539/mo","20 Miles
Forest Lake, MN",Altitude,3.6L V6 24V VVT,1C4RJFAG1LC195757,Automatic,4WD,Diamond Black Crystal Pearlcoat,Black,20,J20639,New,Suv,,,,,
2020 Chevrolet Silverado 1500 RST,"$43,006
est. $620/mo","5 Miles
Fridley, MN",RST,5.3L V8,1GCRYEED9LZ344712,Automatic,4WD,Black,Jet Black w/Perforated Leather-Appointed Front Sea,5,53289,New,Pickup_truck,,,,,
2017 Chevrolet Trax LT,"$16,998
est. $245/mo","9,944 Miles
Brooklyn Park, MN",LT,1.4L,KL7CJLSB8HB160621,Automatic,FWD,Gray,Black,,19437184,Used,,Gasoline,25 city / 33 hwy,,,
2017 Ford Escape SE,"$17,998
est. $259/mo","30,564 Miles
Minneapolis, MN",SE,1.5L,1FMCU9GD3HUD83348,Automatic,AWD,Tan,Tan,,19372815,Used,,Gasoline,22 city / 28 hwy,,,
2020 Ford F-150 King Ranch,"$63,353
est. $913/mo","Mileage Unknown
Apple Valley, MN",King Ranch,EcoBoost 3.5L V6 GTDi DOHC 24V Twin Turbocharged,1FTEW1E41LFB79107,Automatic,4WD,Rapid Red MET,Kingsville / Java,,81586,New,Pickup_truck,,,,,
2017 Ram Pickup 1500 Express,"$30,998
est. $447/mo","31,929 Miles
Saint Paul, MN",Express,5.7L,,Automatic,4WD,,Gray,"31,929",,,Pickup,Gasoline,,Crew,Regular,Single
2017 Kia Niro LX,"$15,997
est. $231/mo","43,862 Miles
Minneapolis, MN",LX,1.6L I4,KNDCB3LCXH5092392,Automatic,FWD,Silky Silver,Charcoal,"43,862",LG76661,Used,Suv,,,,,
2020 Mitsubishi Outlander PHEV SEL,"$33,380
est. $481/mo","7 Miles
Saint Paul, MN",SEL,,JA4J24A59LZ041754,Automatic,AWD,Pearl White,BLACK,7,95959,New,Suv,,,,,
2017 Chevrolet Cruze LT,"$13,990
est. $202/mo","48,846 Miles
Monticello, MN",LT,1.4L 4-Cylinder Turbo DOHC CVVT,3G1BE6SM1HS566260,Automatic,FWD,Orange Burst Metallic,Jet black,"48,846",30495A,Used,Hatchback,,,,,
2020 Mitsubishi Mirage G4 LE,"$14,600
est. $210/mo","11 Miles
Saint Paul, MN",LE,,ML32F4FJXLHF10284,Automatic,FWD,Mystic Black Metallic,BLACK,11,95435,New,Sedan,,,,,
2019 Mitsubishi Outlander PHEV GT,"$34,120
est. $492/mo","11 Miles
Saint Paul, MN",GT,,JA4J24A51KZ055050,Automatic,AWD,Pearl White,BLACK,11,95871,New,Suv,,,,,
2012 Chevrolet Cruze 1LT,"$7,495
est. $108/mo","94,200 Miles
Fridley, MN",1LT,1.4L 4 cyls,1G1PF5SC5C7353906,Automatic,FWD,Silver Ice Metallic,Jet Black w/Premium Cloth Seat Trim,"94,200",13090PA,Used,Sedan,,,,,
2020 Chevrolet Spark LT w/1LT CVT,"$14,437
est. $208/mo","16 Miles
Fridley, MN",LT w/1LT CVT,1.4L 4 cyls,KL8CD6SA3LC449971,Automatic,FWD,Caribbean Blue Metallic,Jet Black/Dark Anderson Silver Metallic w/Cloth Se,16,2721,New,Hatchback,,,,,
2020 Mitsubishi Outlander ES,"$23,105
est. $333/mo","10 Miles
Saint Paul, MN",ES,,JA4AZ3A39LZ013442,Automatic,AWD,Cosmic Blue Metallic,BLACK,10,93625,New,Suv,,,,,
2021 Chevrolet TrailBlazer,"$30,813
est. $444/mo","5 Miles
Bloomington, MN",,,KL79MUSL8MB018506,Automatic,4WD,Satin Steel Metallic,Jet Black With Red Accents,5,LH21138,New,Suv,,,,,
2020 Dodge Grand Caravan SE,"$24,291
est. $350/mo","2 Miles
Forest Lake, MN",SE,3.6L V6 24V VVT,2C4RDGBG9LR222075,Automatic,FWD,Billet Silver Metallic Clearcoat,Black/Light Graystone,2,D20090,New,Minivan,,,,,
